0,A0001,C0091,C0051,
1,A0002,C0005,C0112,
2,A0003,C0045,,
3,A0004,C0005,C0112,
4,A0005,C0091,C0051,
5,A0006,C0143,,
6,A0007,C0083,,
7,A0008,C0083,,
8,A0009,C0083,,
9,A0010,C0083,,
10,A0011,C0083,,
11,A0012,C0085,,
12,A0013,C0083,,
13,A0014,C0022,,
14,A0015,C0022,,
15,A0016,C0083,,
16,A0017,C0083,,
17,A0018,C0083,,
18,A0019,C0124,,
19,A0020,C0083,,
20,A0021,C0109,,
21,A0022,C0088,,
22,A0023,C0104,,
23,A0024,C0106,,
24,A0025,C0083,,
25,A0026,C0022,,
26,A0027,C0083,,
27,A0028,C0083,,
28,A0029,C0130,,
29,A0030,C0130,,
30,A0031,C0106,,
31,A0032,C0106,,
32,A0033,C0104,,
33,A0034,C0109,,
34,A0035,C0088,,
35,A0036,C0106,,
36,A0037,C0106,,
37,A0038,C0106,,
38,A0039,C0083,,
39,A0040,C0083,,
40,A0041,C0083,,
41,A0042,C0022,,
42,A0043,C0083,,
43,A0044,C0130,,
44,A0045,C0130,,
45,A0046,C0130,,
46,A0047,C0022,,
47,A0048,C0022,,
48,A0049,C0022,,
49,A0050,C0022,,
50,A0051,C0083,,
51,A0052,C0022,,
52,A0053,C0022,,
53,A0054,C0022,,
54,A0055,C0022,,
55,A0056,C0022,,
56,A0057,C0083,,
57,A0058,C0130,,
58,A0059,C0083,,
59,A0060,C0083,,
60,A0061,C0083,,
61,A0062,C0022,,
62,A0063,C0083,,
63,A0064,C0061,,
64,A0065,C0033,,
65,A0066,C0067,,
66,A0067,C0033,,
67,A0068,C0085,,
68,A0069,C0130,,
69,A0070,C0076,,
70,A0071,C0142,,
71,A0072,C0021,,
72,A0073,C0072,,
73,A0074,C0072,,
74,A0075,C0072,,
75,A0076,C0066,,
76,A0077,C0098,,
77,A0078,C0035,,
78,A0079,C0098,,
79,A0080,C0037,,
80,A0081,C0118,C0012,
81,A0082,C0103,,
82,A0083,C0080,,
83,A0084,C0051,,
84,A0085,C0080,,
85,A0086,C0090,C0042,
86,A0087,C0074,,
87,A0088,C0090,C0042,
88,A0089,C0050,,
89,A0090,C0101,,
90,A0091,C0021,,
91,A0092,C0101,,
92,A0093,C0043,,
93,A0094,C0094,,
94,A0095,C0111,C0005,
95,A0096,C0085,,
96,A0097,C0063,,
97,A0098,C0062,,
98,A0099,C0117,,
99,A0100,C0021,,
100,A0101,C0145,,
101,A0102,C0005,C0110,
102,A0103,C0094,,
103,A0104,C0021,,
104,A0105,C0141,,
105,A0106,C0094,,
106,A0107,C0025,,
107,A0108,C0025,,
108,A0109,C0080,,
109,A0110,C0033,,
110,A0111,C0137,C0099,
111,A0112,C0142,C0076,
112,A0113,C0026,,
113,A0114,C0032,,
114,A0115,C0074,,
115,A0116,C0090,,
116,A0117,C0144,,
117,A0118,C0144,C0051,
118,A0119,C0094,,
119,A0120,C0102,,
120,A0121,C0025,,
121,A0122,C0060,,
122,A0123,C0058,,
123,A0124,C0051,,
124,A0125,C0141,C0118,
125,A0126,C0033,,
126,A0127,C0035,,
127,A0128,C0111,C0005,
128,A0129,C0094,,
129,A0130,C0071,,
130,A0131,C0029,,
131,A0132,C0035,,
132,A0133,C0035,,
133,A0134,C0029,,
134,A0135,C0094,,
135,A0136,C0029,,
136,A0137,C0029,,
137,A0138,C0029,,
138,A0139,C0029,,
139,A0140,C0140,,
140,A0141,C0035,,
141,A0142,C0034,,
142,A0143,C0034,,
143,A0144,C0083,,
144,A0145,C0069,,
145,A0146,C0051,,
146,A0147,C0040,,
147,A0148,C0079,,
148,A0149,C0040,,
149,A0150,C0120,,
150,A0151,C0127,,
151,A0152,C0127,,
152,A0153,C0127,,
153,A0154,C0127,,
154,A0155,C0127,,
155,A0156,C0075,,
156,A0157,C0051,,
157,A0158,C0080,C0051,
158,A0159,C0059,,
159,A0160,C0080,,
160,A0161,C0098,,
161,A0162,C0080,,
162,A0163,C0139,C0140,
163,A0164,C0030,,
164,A0165,C0053,,
165,A0166,C0005,C0112,
166,A0167,C0029,,
167,A0168,C0046,,
168,A0169,C0049,,
169,A0170,C0030,,
170,A0171,C0087,C0041,
171,A0172,C0033,,
172,A0173,C0053,,
173,A0174,C0063,,
174,A0175,C0027,,
175,A0176,C0080,C0051,
176,A0177,C0027,,
177,A0178,C0063,,
178,A0179,C0054,,
179,A0180,C0051,,
180,A0181,C0049,,
181,A0182,C0051,,
182,A0183,C0054,,
183,A0184,C0059,,
184,A0185,C0047,,
185,A0186,C0091,C0054,C0055
186,A0187,C0012,,
187,A0188,C0114,C0005,
188,A0189,C0085,,
189,A0190,C0094,,
190,A0191,C0022,,
191,A0192,C0130,,
192,A0193,C0012,,
193,A0194,C0072,,
194,A0195,C0125,,
195,A0196,C0065,,
196,A0197,C0079,,
197,A0198,C0038,,
198,A0199,C0043,,
199,A0200,C0034,,
200,A0201,C0073,,
201,A0202,C0030,,
202,A0203,C0100,,
203,A0204,C0120,C0037,
204,A0205,C0035,,
205,A0206,C0070,,
206,A0207,C0129,,
207,A0208,C0032,,
208,A0209,C0066,,
209,A0210,C0026,,
210,A0211,C0025,,
211,A0212,C0033,,
212,A0213,C0037,,
213,A0214,C0107,,
214,A0215,C0096,,
215,A0216,C0096,,
216,A0217,C0096,,
217,A0218,C0029,,
218,A0219,C0105,,
219,A0220,C0051,,
220,A0221,C0087,,
221,A0222,C0069,,
222,A0223,C0087,,
223,A0224,C0102,,
224,A0225,C0123,,
225,A0226,C0066,,
226,A0227,C0026,,
227,A0228,C0108,,
228,A0229,C0105,,
229,A0230,C0025,,
230,A0231,C0105,,
231,A0232,C0030,,
232,A0233,C0098,,
233,A0234,C0130,,
234,A0235,C0100,,
235,A0236,C0034,,
236,A0237,C0040,,
237,A0238,C0040,,
238,A0239,C0140,,
239,A0240,C0032,,
240,A0241,C0080,,
241,A0242,C0080,,
242,A0243,C0080,,
243,A0244,C0083,,
244,A0245,C0096,,
245,A0246,C0005,C0112,
246,A0247,C0061,,
247,A0248,C0049,,
248,A0249,C0058,,
249,A0250,C0063,,
250,A0251,C0062,,
251,A0252,C0062,,
252,A0253,C0044,,
253,A0254,C0100,,
254,A0255,C0022,,
255,A0256,C0045,,
256,A0257,C0033,,
257,A0258,C0034,,
258,A0259,C0037,,
259,A0260,C0094,,
260,A0261,C0128,,
261,A0262,C0042,,
262,A0263,C0042,,
263,A0264,C0042,,
264,A0265,C0091,C0071,
265,A0266,C0114,C0005,
266,A0267,C0113,C0005,
267,A0268,C0032,,
268,A0269,C0132,,
269,A0270,C0132,,
270,A0271,C0116,C0119,
271,A0272,C0030,,
272,A0273,C0107,,
273,A0274,C0072,,
274,A0275,C0063,,
275,A0276,C0090,C0055,
276,A0277,C0060,,
277,A0278,C0083,,
278,A0279,C0088,C0089,
279,A0280,C0034,,
280,A0281,C0094,,
281,A0282,C0095,,
282,A0283,C0034,,
283,A0284,C0095,,
284,A0285,C0030,,
285,A0286,C0035,,
286,A0287,C0035,,
287,A0288,C0045,,
288,A0289,C0108,,
289,A0290,C0113,C0005,
290,A0291,C0026,,
291,A0292,C0034,,
292,A0293,C0047,,
293,A0294,C0056,,
294,A0295,C0045,,
295,A0296,C0056,,
296,A0297,C0098,,
297,A0298,C0080,,
298,A0299,C0030,,
299,A0300,C0035,,
300,A0301,C0034,,
301,A0302,C0038,,
302,A0303,C0023,,
303,A0304,C0023,,
304,A0305,C0041,,
305,A0306,C0120,,
306,A0307,C0012,,
307,A0308,C0120,,
308,A0309,C0118,C0032,
309,A0310,C0134,,
310,A0311,C0140,,
311,A0312,C0069,,
312,A0313,C0120,,
313,A0314,C0068,,
314,A0315,C0099,,
315,A0316,C0074,,
316,A0317,C0022,,
317,A0318,C0081,,
318,A0319,C0029,,
319,A0320,C0060,,
320,A0321,C0053,,
321,A0322,C0128,,
322,A0323,C0078,,
323,A0324,C0128,,
324,A0325,C0099,,
325,A0326,C0099,,
326,A0327,C0067,,
327,A0328,C0099,,
328,A0329,C0029,,
329,A0330,C0037,,
330,A0331,C0037,,
331,A0332,C0113,C0005,
332,A0333,C0026,,
333,A0334,C0102,,
334,A0335,C0058,,
335,A0336,C0022,,
336,A0337,C0057,,
337,A0338,C0012,,
338,A0339,C0035,,
339,A0340,C0051,,
340,A0341,C0005,C0112,
341,A0342,C0058,,
342,A0343,C0059,,
343,A0344,C0032,,
344,A0345,C0083,,
345,A0346,C0125,,
346,A0347,C0026,,
347,A0348,C0145,,
348,A0349,C0032,,
349,A0350,C0054,,
350,A0351,C0092,C0063,
351,A0352,C0063,,
352,A0353,C0092,C0054,
353,A0354,C0145,,
354,A0355,C0113,C0005,
355,A0356,C0120,,
356,A0357,C0033,,
357,A0358,C0100,,
358,A0359,C0034,,
359,A0360,C0120,,
360,A0361,C0033,,
361,A0362,C0080,,
362,A0363,C0026,,
363,A0364,C0022,,
364,A0365,C0033,,
365,A0366,C0122,,
366,A0367,C0022,,
367,A0368,C0022,,
368,A0369,C0096,,
369,A0370,C0096,,
370,A0371,C0084,C0052,
371,A0372,C0040,,
372,A0373,C0038,,
373,A0374,C0098,,
374,A0375,C0123,,
375,A0376,C0107,,
376,A0377,C0130,,
377,A0378,C0099,,
378,A0379,C0034,,
379,A0380,C0092,,
380,A0381,C0039,,
381,A0382,C0027,,
382,A0383,C0066,,
383,A0384,C0089,,
384,A0385,C0051,,
385,A0386,C0033,,
386,A0387,C0051,C0054,
387,A0388,C0102,,
388,A0389,C0074,C0063,
389,A0390,C0071,,
390,A0391,C0045,,
391,A0392,C0060,,
392,A0393,C0051,,
393,A0394,C0005,C0102,
394,A0395,C0069,,
395,A0396,C0034,,
396,A0397,C0124,,
397,A0398,C0029,,
398,A0399,C0102,,
399,A0400,C0123,,
400,A0401,C0005,C0112,
401,A0402,C0033,,
402,A0403,C0123,,
403,A0404,C0037,,
404,A0405,C0140,,
405,A0406,C0129,,
406,A0407,C0131,,
407,A0408,C0131,,
408,A0409,C0130,,
409,A0410,C0033,,
410,A0411,C0097,,
411,A0412,C0100,,
412,A0413,C0106,,
413,A0414,C0126,,
414,A0415,C0120,C0037,
415,A0416,C0101,,
416,A0417,C0127,C0089,
417,A0418,C0129,,
418,A0419,C0058,,
419,A0420,C0035,,
420,A0421,C0051,,
421,A0422,C0005,C0112,
422,A0423,C0108,,
423,A0424,C0080,,
424,A0425,C0142,,
425,A0426,C0075,,
426,A0427,C0139,C0126,
427,A0428,C0126,,
428,A0429,C0142,,
429,A0430,C0128,,
430,A0431,C0033,,
431,A0432,C0061,,
432,A0433,C0035,,
433,A0434,C0080,C0051,
434,A0435,C0033,,
435,A0436,C0080,,
436,A0437,C0121,,
437,A0438,C0036,,
438,A0439,C0133,,
439,A0440,C0035,,
440,A0441,C0123,,
441,A0442,C0121,,
442,A0443,C0103,,
443,A0444,C0042,,
444,A0445,C0113,C0005,
445,A0446,C0005,C0110,
446,A0447,C0102,,
447,A0448,C0029,,
448,A0449,C0099,,
449,A0450,C0107,,
450,A0451,C0094,,
451,A0452,C0120,,
452,A0453,C0035,,
453,A0454,C0100,,
454,A0455,C0100,,
455,A0456,C0111,C0005,
456,A0457,C0094,,
457,A0458,C0142,,
458,A0459,C0143,,
459,A0460,C0045,,
460,A0461,C0094,,
461,A0462,C0058,,
462,A0463,C0113,C0005,
463,A0464,C0052,,
464,A0465,C0035,,
465,A0466,C0035,,
466,A0467,C0098,,
467,A0468,C0026,,
468,A0469,C0120,C0037,
469,A0470,C0029,,
470,A0471,C0036,,
471,A0472,C0145,,
472,A0473,C0034,,
473,A0474,C0057,,
474,A0475,C0123,,
475,A0476,C0098,,
476,A0477,C0120,C0037,
477,A0478,C0126,,
478,A0479,C0128,,
479,A0480,C0128,,
480,A0481,C0123,,
481,A0482,C0034,,
482,A0483,C0034,,
483,A0484,C0035,,
484,A0485,C0064,,
485,A0486,C0035,,
486,A0487,C0035,,
487,A0488,C0101,,
488,A0489,C0088,,
489,A0490,C0104,,
490,A0491,C0115,,
491,A0492,C0087,,
492,A0493,C0085,,
493,A0494,C0087,,
494,A0495,C0087,,
495,A0496,C0087,,
496,A0497,C0093,,
497,A0498,C0087,,
498,A0499,C0089,,
499,A0500,C0087,,
500,A0501,C0087,,
501,A0502,C0091,,
502,A0503,C0085,,
503,A0504,C0080,,
504,A0505,C0089,,
505,A0506,C0080,,
506,A0507,C0089,,
507,A0508,C0089,,
508,A0509,C0089,,
509,A0510,C0089,,
510,A0511,C0087,,
511,A0512,C0089,,
512,A0513,C0089,,
513,A0514,C0080,,
514,A0515,C0087,,
515,A0516,C0085,,
516,A0517,C0089,,
517,A0518,C0089,,
518,A0519,C0087,,
519,A0520,C0089,,
520,A0521,C0085,,
521,A0522,C0085,,
522,A0523,C0130,,
523,A0524,C0099,,
524,A0525,C0104,,
525,A0526,C0120,C0037,
526,A0527,C0035,,
527,A0528,C0065,,
528,A0529,C0035,,
529,A0530,C0034,,
530,A0531,C0091,C0084,
531,A0532,C0034,,
532,A0533,C0130,,
533,A0534,C0120,C0122,
534,A0535,C0130,,
535,A0536,C0117,,
536,A0537,C0120,C0037,
537,A0538,C0034,,
538,A0539,C0144,,
539,A0540,C0080,,
540,A0541,C0100,,
541,A0542,C0103,,
542,A0543,C0005,C0112,
543,A0544,C0101,,
544,A0545,C0005,C0112,
545,A0546,C0113,C0005,
546,A0547,C0128,,
547,A0548,C0119,,
548,A0549,C0090,C0063,
549,A0550,C0101,,
550,A0551,C0069,,
551,A0552,C0114,C0005,
552,A0553,C0058,C0089,
553,A0554,C0056,C0073,
554,A0555,C0092,C0058,
555,A0556,C0046,C0051,
556,A0557,C0062,,
557,A0558,C0128,,
558,A0559,C0080,C0084,
559,A0560,C0025,,
560,A0561,C0069,,
561,A0562,C0033,,
562,A0563,C0026,,
563,A0564,C0098,,
564,A0565,C0088,,
565,A0566,C0113,C0005,
566,A0567,C0061,,
567,A0568,C0057,,
568,A0569,C0026,,
569,A0570,C0127,,
570,A0571,C0044,,
571,A0572,C0111,C0005,
572,A0573,C0043,,
573,A0574,C0131,,
574,A0575,C0119,,
575,A0576,C0022,,
576,A0577,C0058,,
577,A0578,C0048,,
578,A0579,C0056,,
579,A0580,C0022,,
580,A0581,C0129,,
581,A0582,C0032,,
582,A0583,C0129,C0137,
583,A0584,C0137,C0032,
584,A0585,C0137,,
585,A0586,C0032,C0078,
586,A0587,C0032,,
587,A0588,C0119,,
588,A0589,C0097,,
589,A0590,C0032,,
590,A0591,C0029,,
591,A0592,C0029,,
592,A0593,C0029,,
593,A0594,C0101,,
594,A0595,C0033,,
595,A0596,C0026,,
596,A0597,C0035,,
597,A0598,C0094,,
598,A0599,C0061,,
599,A0600,C0098,,
600,A0601,C0035,,
601,A0602,C0035,,
602,A0603,C0029,,
603,A0604,C0083,,
604,A0605,C0035,,
605,A0606,C0029,,
606,A0607,C0099,,
607,A0608,C0108,,
608,A0609,C0035,,
609,A0610,C0022,,
610,A0611,C0035,,
611,A0612,C0120,,
612,A0613,C0034,,
613,A0614,C0029,,
614,A0615,C0029,,
615,A0616,C0121,,
616,A0617,C0101,,
617,A0618,C0034,,
618,A0619,C0119,,
619,A0620,C0053,,
620,A0621,C0089,,
621,A0622,C0121,,
622,A0623,C0033,,
623,A0624,C0029,,
624,A0625,C0126,,
625,A0626,C0029,,
626,A0627,C0035,,
627,A0628,C0035,,
628,A0629,C0034,,
629,A0630,C0066,,
630,A0631,C0020,C0129,
631,A0632,C0034,,
632,A0633,C0121,,
633,A0634,C0127,,
634,A0635,C0056,,
635,A0636,C0056,,
636,A0637,C0035,,
637,A0638,C0033,,
638,A0639,C0093,C0124,
639,A0640,C0127,,
640,A0641,C0104,,
641,A0642,C0096,,
642,A0643,C0065,,
643,A0644,C0035,,
644,A0645,C0026,,
645,A0646,C0113,C0005,
646,A0647,C0098,,
647,A0648,C0098,,
648,A0649,C0035,,
649,A0650,C0035,,
650,A0651,C0035,,
651,A0652,C0029,,
652,A0653,C0071,,
653,A0654,C0043,,
654,A0655,C0068,,
655,A0656,C0012,,
656,A0657,C0037,,
657,A0658,C0061,,
658,A0659,C0026,,
659,A0660,C0005,C0112,
660,A0661,C0107,,
661,A0662,C0125,,
662,A0663,C0035,,
663,A0664,C0130,,
664,A0665,C0037,,
665,A0666,C0114,C0005,
666,A0667,C0035,,
667,A0668,C0091,C0051,
668,A0669,C0107,,
669,A0670,C0130,,
670,A0671,C0095,,
671,A0672,C0036,,
672,A0673,C0133,,
673,A0674,C0092,C0051,C0058
674,A0675,C0069,,
675,A0676,C0125,,
676,A0677,C0030,,
677,A0678,C0038,,
678,A0679,C0032,,
679,A0680,C0120,,
680,A0681,C0044,,
681,A0682,C0096,,
682,A0683,C0064,,
683,A0684,C0098,,
684,A0685,C0113,C0005,
685,A0686,C0120,,
686,A0687,C0051,,
687,A0688,C0144,,
688,A0689,C0061,,
689,A0690,C0129,,
690,A0691,C0101,,
691,A0692,C0102,,
692,A0693,C0101,,
693,A0694,C0090,C0142,
694,A0695,C0082,,
695,A0696,C0069,,
696,A0697,C0140,,
697,A0698,C0111,C0005,
698,A0699,C0101,,
699,A0700,C0082,C0101,
700,A0701,C0113,C0005,
701,A0702,C0140,,
702,A0703,C0044,,
703,A0704,C0139,,
704,A0705,C0026,,
705,A0706,C0080,,
706,A0707,C0063,,
707,A0708,C0034,,
708,A0709,C0044,,
709,A0710,C0056,,
710,A0711,C0111,C0005,
711,A0712,C0145,,
712,A0713,C0098,,
713,A0714,C0077,,
714,A0715,C0107,,
715,A0716,C0078,,
716,A0717,C0098,,
717,A0718,C0128,,
718,A0719,C0049,,
719,A0720,C0098,,
720,A0721,C0060,,
721,A0722,C0042,,
722,A0723,C0145,,
723,A0724,C0096,,
724,A0725,C0126,,
725,A0726,C0005,C0112,
726,A0727,C0034,,
727,A0728,C0114,C0005,
728,A0729,C0114,C0005,
729,A0730,C0035,,
730,A0731,C0035,,
731,A0732,C0141,,
732,A0733,C0120,,
733,A0734,C0129,,
734,A0735,C0083,,
735,A0736,C0075,,
736,A0737,C0063,,
737,A0738,C0114,C0005,
738,A0739,C0063,,
739,A0740,C0130,,
740,A0741,C0076,,
741,A0742,C0025,,
742,A0743,C0037,,
743,A0744,C0026,,
744,A0745,C0077,,
745,A0746,C0026,,
746,A0747,C0025,,
747,A0748,C0049,,
748,A0749,C0094,C0103,
749,A0750,C0105,,
750,A0751,C0026,,
751,A0752,C0025,,
752,A0753,C0012,,
753,A0754,C0107,,
754,A0755,C0107,,
755,A0756,C0130,,
756,A0757,C0026,,
757,A0758,C0145,,
758,A0759,C0022,,
759,A0760,C0062,,
760,A0761,C0115,,
761,A0762,C0030,,
762,A0763,C0111,C0005,
763,A0764,C0104,,
764,A0765,C0104,,
765,A0766,C0101,,
766,A0767,C0035,,
767,A0768,C0114,C0005,
768,A0769,C0005,C0107,
769,A0770,C0029,,
770,A0771,C0138,,
771,A0772,C0069,,
772,A0773,C0140,,
773,A0774,C0130,,
774,A0775,C0140,,
775,A0776,C0123,,
776,A0777,C0129,,
777,A0778,C0045,,
778,A0779,C0102,,
779,A0780,C0033,,
780,A0781,C0034,,
781,A0782,C0120,,
782,A0783,C0101,,
783,A0784,C0128,,
784,A0785,C0091,C0055,
785,A0786,C0020,,
786,A0787,C0023,,
787,A0788,C0096,,
788,A0789,C0035,,
789,A0790,C0035,,
790,A0791,C0094,,
791,A0792,C0114,C0005,
792,A0793,C0140,,
793,A0794,C0140,,
794,A0795,C0038,,
795,A0796,C0115,,
796,A0797,C0096,,
797,A0798,C0091,C0051,
798,A0799,C0045,,
799,A0800,C0026,,
800,A0801,C0025,,
801,A0802,C0104,,
802,A0803,C0036,,
803,A0804,C0121,,
804,A0805,C0101,,
805,A0806,C0099,,
806,A0807,C0053,,
807,A0808,C0051,,
808,A0809,C0052,,
809,A0810,C0061,,
810,A0811,C0046,,
811,A0812,C0107,,
812,A0813,C0032,,
813,A0814,C0102,,
814,A0815,C0084,,
815,A0816,C0052,,
816,A0817,C0120,C0037,
817,A0818,C0119,,
818,A0819,C0021,,
819,A0820,C0099,,
820,A0821,C0023,,
821,A0822,C0029,,
822,A0823,C0128,C0091,
823,A0824,C0035,,
824,A0825,C0022,,
825,A0826,C0056,,
826,A0827,C0033,,
827,A0828,C0033,,
828,A0829,C0128,,
829,A0830,C0093,,
830,A0831,C0051,,
831,A0832,C0042,,
832,A0833,C0120,,
833,A0834,C0104,,
834,A0835,C0113,C0005,
835,A0836,C0120,C0037,
836,A0837,C0120,C0037,
837,A0838,C0056,,
838,A0839,C0032,,
839,A0840,C0064,,
840,A0841,C0125,,
841,A0842,C0123,,
842,A0843,C0039,,
843,A0844,C0114,C0005,
844,A0845,C0076,,
845,A0846,C0030,,
846,A0847,C0120,C0037,
847,A0848,C0032,,
848,A0849,C0022,,
849,A0850,C0026,,
850,A0851,C0114,C0005,
851,A0852,C0134,C0088,
852,A0853,C0029,,
853,A0854,C0101,,
854,A0855,C0051,,
855,A0856,C0048,,
856,A0857,C0052,,
857,A0858,C0063,,
858,A0859,C0063,,
859,A0860,C0090,C0055,
860,A0861,C0090,C0055,
861,A0862,C0051,,
862,A0863,C0051,,
863,A0864,C0044,,
864,A0865,C0072,,
865,A0866,C0092,,
866,A0867,C0051,,
867,A0868,C0126,,
868,A0869,C0120,,
869,A0870,C0035,,
870,A0871,C0125,,
871,A0872,C0027,,
872,A0873,C0032,,
873,A0874,C0027,,
874,A0875,C0100,,
875,A0876,C0129,,
876,A0877,C0088,,
877,A0878,C0121,,
878,A0879,C0062,,
879,A0880,C0037,,
880,A0881,C0101,,
881,A0882,C0101,,
882,A0883,C0101,,
883,A0884,C0101,,
884,A0885,C0107,,
885,A0886,C0125,,
886,A0887,C0130,,
887,A0888,C0120,,
888,A0889,C0033,,
889,A0890,C0085,C0041,
890,A0891,C0132,,
891,A0892,C0113,C0005,
892,A0893,C0101,,
893,A0894,C0035,,
894,A0895,C0111,C0005,
895,A0896,C0041,,
896,A0897,C0069,,
897,A0898,C0100,,
898,A0899,C0120,C0037,
899,A0900,C0026,,
900,A0901,C0120,,
901,A0902,C0083,,
902,A0903,C0033,,
903,A0904,C0034,,
904,A0905,C0061,,
905,A0906,C0044,,
906,A0907,C0091,C0042,
907,A0908,C0042,,
908,A0909,C0056,,
909,A0910,C0111,C0005,C0102
910,A0911,C0050,,
911,A0912,C0128,C0049,
912,A0913,C0022,,
913,A0914,C0032,,
914,A0915,C0026,,
915,A0916,C0042,,
916,A0917,C0042,,
917,A0918,C0037,,
918,A0919,C0117,,
919,A0920,C0119,,
920,A0921,C0119,,
921,A0922,C0140,,
922,A0923,C0120,C0037,
923,A0924,C0099,,
924,A0925,C0101,,
925,A0926,C0086,,
926,A0927,C0132,,
927,A0928,C0140,,
928,A0929,C0135,,
929,A0930,C0116,,
930,A0931,C0064,,
931,A0932,C0066,,
932,A0933,C0052,,
933,A0934,C0045,,
934,A0935,C0051,,
935,A0936,C0104,,
936,A0937,C0051,,
937,A0938,C0080,C0051,
938,A0939,C0107,,
939,A0940,C0128,C0129,
940,A0941,C0099,,
941,A0942,C0097,,
942,A0943,C0129,,
943,A0944,C0119,,
944,A0945,C0118,,
945,A0946,C0097,,
946,A0947,C0137,C0105,
947,A0948,C0029,,
948,A0949,C0026,,
949,A0950,C0034,,
950,A0951,C0034,,
951,A0952,C0029,,
952,A0953,C0120,,
953,A0954,C0120,C0037,
954,A0955,C0034,,
955,A0956,C0120,,
956,A0957,C0005,C0102,
957,A0958,C0034,,
958,A0959,C0080,,
959,A0960,C0117,,
960,A0961,C0143,,
961,A0962,C0088,,
962,A0963,C0085,,
963,A0964,C0096,,
964,A0965,C0088,,
965,A0966,C0074,C0063,
966,A0967,C0098,,
967,A0968,C0113,C0005,
968,A0969,C0100,,
969,A0970,C0021,,
970,A0971,C0076,,
971,A0972,C0033,,
972,A0973,C0107,,
973,A0974,C0080,C0128,
974,A0975,C0060,,
975,A0976,C0107,,
976,A0977,C0088,,
977,A0978,C0107,,
978,A0979,C0022,,
979,A0980,C0022,,
980,A0981,C0022,,
981,A0982,C0022,,
982,A0983,C0022,,
983,A0984,C0022,,
984,A0985,C0115,,
985,A0986,C0043,,
986,A0987,C0076,,
987,A0988,C0034,,
988,A0989,C0029,,
989,A0990,C0029,,
990,A0991,C0035,,
991,A0992,C0037,,
992,A0993,C0029,C0120,
993,A0994,C0029,,
994,A0995,C0035,,
995,A0996,C0033,,
996,A0997,C0037,,
997,A0998,C0124,,
998,A0999,C0139,,
999,A1000,C0140,,
1000,A1001,C0135,,
1001,A1002,C0114,,
1002,A1003,C0076,,
1003,A1004,C0141,,
1004,A1005,C0030,,
1005,A1006,C0027,,
1006,A1007,C0076,,
1007,A1008,C0116,,
1008,A1009,C0075,,
1009,A1010,C0075,,
1010,A1011,C0094,,
1011,A1012,C0127,,
1012,A1013,C0058,,
1013,A1014,C0134,,
1014,A1015,C0040,,
1015,A1016,C0057,,
1016,A1017,C0094,,
1017,A1018,C0040,,
1018,A1019,C0051,,
1019,A1020,C0091,,
1020,A1021,C0138,,
1021,A1022,C0140,,
1022,A1023,C0145,,
1023,A1024,C0138,,
1024,A1025,C0129,,
1025,A1026,C0099,,
1026,A1027,C0104,,
1027,A1028,C0130,,
1028,A1029,C0132,C0138,
1029,A1030,C0132,,
1030,A1031,C0005,C0102,
1031,A1032,C0034,,
1032,A1033,C0141,C0133,
1033,A1034,C0029,,
1034,A1035,C0098,,
1035,A1036,C0083,,
1036,A1037,C0026,,
1037,A1038,C0025,,
1038,A1039,C0120,C0037,
1039,A1040,C0087,,
1040,A1041,C0029,,
1041,A1042,C0120,,
1042,A1043,C0033,,
1043,A1044,C0136,,
1044,A1045,C0126,,
1045,A1046,C0141,,
1046,A1047,C0141,,
1047,A1048,C0129,,
1048,A1049,C0105,,
1049,A1050,C0022,,
1050,A1051,C0022,,
1051,A1052,C0113,C0005,
1052,A1053,C0074,,
1053,A1054,C0096,C0106,
1054,A1055,C0101,,
1055,A1056,C0037,,
1056,A1057,C0020,,
1057,A1058,C0099,,
1058,A1059,C0130,,
1059,A1060,C0101,,
1060,A1061,C0022,,
1061,A1062,C0129,,
1062,A1063,C0107,,
1063,A1064,C0104,,
1064,A1065,C0031,C0041,
1065,A1066,C0039,C0041,
1066,A1067,C0138,,
1067,A1068,C0104,,
1068,A1069,C0080,C0104,
1069,A1070,C0123,,
1070,A1071,C0138,,
1071,A1072,C0072,,
1072,A1073,C0096,,
1073,A1074,C0108,,
1074,A1075,C0087,,
1075,A1076,C0029,,
1076,A1077,C0085,,
1077,A1078,C0140,,
1078,A1079,C0005,C0112,
1079,A1080,C0034,,
1080,A1081,C0033,,
1081,A1082,C0101,,
1082,A1083,C0029,,
1083,A1084,C0029,,
1084,A1085,C0082,C0140,
1085,A1086,C0087,C0041,
1086,A1087,C0104,,
1087,A1088,C0036,,
1088,A1089,C0077,,
1089,A1090,C0028,,
1090,A1091,C0028,,
1091,A1092,C0113,C0005,
1092,A1093,C0037,,
1093,A1094,C0145,,
1094,A1095,C0101,,
1095,A1096,C0120,C0032,
1096,A1097,C0135,,
1097,A1098,C0135,,
1098,A1099,C0118,,
1099,A1100,C0094,,
1100,A1101,C0026,,
1101,A1102,C0143,,
1102,A1103,C0025,,
1103,A1104,C0071,,
1104,A1105,C0037,C0122,
1105,A1106,C0106,C0109,
1106,A1107,C0106,C0109,
1107,A1108,C0080,,
1108,A1109,C0120,C0037,
1109,A1110,C0005,C0112,
1110,A1111,C0052,,
1111,A1112,C0058,,
1112,A1113,C0051,,
1113,A1114,C0033,,
1114,A1115,C0005,C0112,
1115,A1116,C0091,,
1116,A1117,C0098,,
1117,A1118,C0032,,
1118,A1119,C0032,,
1119,A1120,C0076,,
1120,A1121,C0126,,
1121,A1122,C0135,,
1122,A1123,C0094,,
1123,A1124,C0130,,
1124,A1125,C0061,,
1125,A1126,C0107,,
1126,A1127,C0129,,
1127,A1128,C0103,,
1128,A1129,C0129,,
1129,A1130,C0061,,
1130,A1131,C0122,,
1131,A1132,C0037,,
1132,A1133,C0044,,
1133,A1134,C0058,,
1134,A1135,C0073,,
1135,A1136,C0130,,
1136,A1137,C0063,,
1137,A1138,C0098,,
1138,A1139,C0085,,
1139,A1140,C0083,,
1140,A1141,C0102,,
1141,A1142,C0026,,
1142,A1143,C0119,,
1143,A1144,C0101,,
1144,A1145,C0144,,
1145,A1146,C0077,,
1146,A1147,C0059,,
1147,A1148,C0061,,
1148,A1149,C0058,,
1149,A1150,C0058,,
1150,A1151,C0072,,
1151,A1152,C0063,,
1152,A1153,C0058,,
1153,A1154,C0053,,
1154,A1155,C0057,,
1155,A1156,C0080,,
1156,A1157,C0092,C0050,
1157,A1158,C0124,,
1158,A1159,C0039,,
1159,A1160,C0118,,
1160,A1161,C0108,,
1161,A1162,C0099,,
1162,A1163,C0043,,
1163,A1164,C0107,,
1164,A1165,C0104,,
1165,A1166,C0128,,
1166,A1167,C0094,,
1167,A1168,C0085,,
1168,A1169,C0024,,
1169,A1170,C0030,,
1170,A1171,C0038,,
1171,A1172,C0100,,
1172,A1173,C0039,,
1173,A1174,C0143,,
1174,A1175,C0140,,
1175,A1176,C0140,,
1176,A1177,C0114,,
1177,A1178,C0080,C0051,
1178,A1179,C0061,,
1179,A1180,C0005,C0112,
1180,A1181,C0048,,
1181,A1182,C0107,,
1182,A1183,C0101,,
1183,A1184,C0097,C0104,
1184,A1185,C0034,,
1185,A1186,C0060,,
1186,A1187,C0140,,
1187,A1188,C0107,,
1188,A1189,C0104,,
1189,A1190,C0107,,
1190,A1191,C0033,,
1191,A1192,C0105,,
1192,A1193,C0028,,
1193,A1194,C0028,,
1194,A1195,C0044,,
1195,A1196,C0121,,
1196,A1197,C0073,,
1197,A1198,C0100,,
1198,A1199,C0061,,
1199,A1200,C0045,,
1200,A1201,C0012,,
1201,A1202,C0012,,
1202,A1203,C0022,,
1203,A1204,C0035,,
1204,A1205,C0037,,
1205,A1206,C0030,,
1206,A1207,C0030,,
1207,A1208,C0035,,
1208,A1209,C0030,,
1209,A1210,C0030,,
1210,A1212,C0140,,
1211,A1213,C0130,,
1212,A1214,C0117,,
1213,A1215,C0089,,
1214,A1216,C0114,C0005,
1215,A1217,C0047,,
1216,A1218,C0126,,
1217,A1219,C0029,,
1218,A1220,C0035,,
1219,A1221,C0103,,
1220,A1222,C0035,,
1221,A1223,C0091,,
1222,A1224,C0129,,
1223,A1225,C0120,C0035,
1224,A1226,C0029,,
1225,A1227,C0113,C0005,
1226,A1228,C0113,C0005,
1227,A1229,C0061,,
1228,A1230,C0115,,
1229,A1231,C0048,,
1230,A1233,C0116,,
1231,A1234,C0101,,
1232,A1235,C0131,,
1233,A1236,C0064,,
1234,A1237,C0063,,
1235,A1238,C0127,,
1236,A1239,C0029,,
1237,A1240,C0101,,
1238,A1241,C0033,,
1239,A1242,C0063,,
1240,A1243,C0145,C0074,
1241,A1244,C0121,,
1242,A1245,C0145,,
1243,A1246,C0098,,
1244,A1247,C0117,,
1245,A1248,C0131,,
1246,A1249,C0037,,
1247,A1250,C0034,,
1248,A1251,C0097,,
1249,A1252,C0066,,
1250,A1253,C0063,,
1251,A1254,C0040,,
1252,A1255,C0005,C0110,
1253,A1256,C0098,,
1254,A1257,C0026,,
1255,A1258,C0033,,
1256,A1259,C0101,,
1257,A1260,C0125,,
1258,A1261,C0104,,
1259,A1262,C0029,,
1260,A1263,C0101,,
1261,A1264,C0067,,
1262,A1265,C0101,,
1263,A1266,C0128,,
1264,A1267,C0120,,
1265,A1268,C0069,,
1266,A1269,C0062,,
1267,A1270,C0026,,
1268,A1271,C0116,,
1269,A1272,C0063,,
1270,A1273,C0046,,
1271,A1274,C0140,,
1272,A1275,C0130,,
1273,A1276,C0130,,
1274,A1277,C0130,,
1275,A1278,C0029,,
1276,A1279,C0133,,
1277,A1280,C0058,,
1278,A1281,C0035,,
1279,A1282,C0024,,
1280,A1283,C0097,,
1281,A1284,C0106,,
1282,A1285,C0033,,
1283,A1286,C0041,,
1284,A1287,C0126,,
1285,A1288,C0094,,
1286,A1289,C0069,,
1287,A1290,C0111,C0005,
1288,A1291,C0113,C0005,
1289,A1292,C0042,,
1290,A1293,C0083,,
1291,A1294,C0037,,
1292,A1295,C0032,,
1293,A1296,C0144,,
1294,A1297,C0144,,
1295,A1298,C0144,,
1296,A1299,C0144,,
1297,A1300,C0144,,
1298,A1301,C0144,,
1299,A1302,C0144,,
1300,A1303,C0144,,
1301,A1304,C0113,C0005,
1302,A1305,C0033,,
1303,A1306,C0063,,
1304,A1307,C0025,C0033,
1305,A1308,C0101,,
1306,A1309,C0053,C0022,
1307,A1310,C0107,,
1308,A1311,C0058,,
1309,A1312,C0050,,
1310,A1313,C0136,,
1311,A1314,C0107,,
1312,A1315,C0136,,
1313,A1316,C0084,,
1314,A1317,C0091,,
1315,A1318,C0091,C0055,
1316,A1319,C0091,C0055,
1317,A1320,C0091,C0055,
1318,A1321,C0052,,
1319,A1322,C0046,,
1320,A1323,C0093,C0055,
1321,A1324,C0093,C0055,
1322,A1325,C0090,,
1323,A1326,C0091,,
1324,A1327,C0091,C0055,C0060
1325,A1328,C0091,C0051,
1326,A1329,C0106,,
1327,A1330,C0097,C0106,
1328,A1331,C0085,,
1329,A1332,C0120,,
1330,A1333,C0114,C0005,
1331,A1334,C0081,,
1332,A1335,C0129,,
1333,A1336,C0091,C0051,
1334,A1337,C0026,,
1335,A1338,C0094,,
1336,A1339,C0096,,
1337,A1340,C0045,,
1338,A1341,C0097,,
1339,A1342,C0113,C0005,
1340,A1343,C0080,C0051,
1341,A1344,C0098,,
1342,A1345,C0140,,
1343,A1346,C0020,,
1344,A1347,C0020,,
1345,A1348,C0129,,
1346,A1349,C0020,,
1347,A1350,C0020,,
1348,A1351,C0020,,
1349,A1352,C0020,,
1350,A1353,C0129,,
1351,A1354,C0129,,
1352,A1355,C0129,,
1353,A1356,C0012,,
1354,A1357,C0012,,
1355,A1358,C0012,,
1356,A1359,C0037,,
1357,A1360,C0035,,
1358,A1361,C0029,,
1359,A1362,C0035,,
1360,A1363,C0029,,
1361,A1364,C0051,,
1362,A1365,C0040,,
1363,A1366,C0092,C0058,
1364,A1367,C0093,C0058,
1365,A1368,C0055,,
1366,A1369,C0090,,
1367,A1370,C0056,,
1368,A1371,C0078,,
1369,A1372,C0057,,
1370,A1373,C0140,,
1371,A1374,C0044,,
1372,A1375,C0118,C0033,
1373,A1376,C0029,,
1374,A1377,C0116,,
1375,A1378,C0040,,
1376,A1379,C0141,,
1377,A1380,C0029,,
1378,A1381,C0022,,
1379,A1382,C0068,,
1380,A1383,C0033,,
1381,A1384,C0021,,
1382,A1385,C0129,,
1383,A1386,C0101,,
1384,A1387,C0092,,
1385,A1388,C0099,,
1386,A1389,C0090,,
1387,A1390,C0069,,
1388,A1391,C0082,,
1389,A1392,C0091,,
1390,A1393,C0073,,
1391,A1394,C0077,C0129,
1392,A1395,C0021,,
1393,A1396,C0137,,
1394,A1397,C0027,,
1395,A1398,C0104,,
1396,A1399,C0054,,
1397,A1400,C0037,,
1398,A1401,C0080,C0073,
1399,A1402,C0042,,
1400,A1403,C0138,,
1401,A1404,C0114,C0005,
1402,A1405,C0026,,
1403,A1406,C0056,,
1404,A1407,C0107,,
1405,A1408,C0022,,
1406,A1409,C0114,C0005,
1407,A1410,C0063,,
1408,A1411,C0092,C0049,
1409,A1412,C0104,,
1410,A1413,C0089,,
1411,A1414,C0108,,
1412,A1415,C0034,,
1413,A1416,C0069,,
1414,A1417,C0032,,
1415,A1418,C0005,C0112,
1416,A1419,C0025,,
1417,A1420,C0137,C0040,
1418,A1421,C0114,C0005,
1419,A1422,C0035,,
1420,A1423,C0135,,
1421,A1424,C0053,,
1422,A1425,C0012,,
1423,A1426,C0036,,
1424,A1427,C0103,,
1425,A1428,C0029,,
1426,A1429,C0029,,
1427,A1430,C0029,,
1428,A1431,C0029,,
1429,A1432,C0029,,
1430,A1433,C0143,,
1431,A1434,C0098,,
1432,A1435,C0029,,
1433,A1436,C0029,,
1434,A1437,C0029,,
1435,A1438,C0140,,
1436,A1439,C0023,,
1437,A1440,C0140,,
1438,A1441,C0026,,
1439,A1442,C0066,,
1440,A1443,C0140,,
1441,A1444,C0030,,
1442,A1445,C0058,,
1443,A1446,C0044,,
1444,A1447,C0098,,
1445,A1448,C0031,,
1446,A1449,C0137,C0140,
1447,A1450,C0040,,
1448,A1451,C0023,,
1449,A1452,C0023,,
1450,A1453,C0145,,
1451,A1454,C0029,,
1452,A1455,C0137,C0032,
1453,A1456,C0022,,
1454,A1457,C0022,,
1455,A1458,C0033,,
1456,A1459,C0097,,
1457,A1460,C0033,,
1458,A1461,C0063,,
1459,A1462,C0127,C0085,
1460,A1463,C0127,C0085,
1461,A1464,C0123,,
1462,A1465,C0124,,
1463,A1466,C0130,,
1464,A1467,C0140,,
1465,A1468,C0098,,
1466,A1469,C0029,,
1467,A1470,C0129,,
1468,A1471,C0113,C0005,
1469,A1472,C0132,C0118,
1470,A1473,C0106,,
1471,A1474,C0061,,
1472,A1475,C0101,,
1473,A1476,C0140,,
1474,A1477,C0118,,
1475,A1478,C0120,C0033,
1476,A1479,C0032,,
1477,A1480,C0029,,
1478,A1481,C0124,,
1479,A1482,C0138,,
1480,A1483,C0005,C0102,
1481,A1484,C0078,,
1482,A1485,C0105,,
1483,A1486,C0045,,
1484,A1487,C0056,,
1485,A1488,C0115,,
1486,A1489,C0123,,
1487,A1490,C0120,C0037,
1488,A1491,C0050,,
1489,A1492,C0098,,
1490,A1493,C0022,,
1491,A1494,C0026,,
1492,A1495,C0037,,
1493,A1496,C0103,,
1494,A1497,C0120,,
1495,A1498,C0033,,
1496,A1499,C0130,,
1497,A1500,C0129,,
1498,A1501,C0071,,
1499,A1502,C0058,,
1500,A1503,C0029,,
1501,A1504,C0005,C0102,
1502,A1505,C0119,,
1503,A1506,C0116,,
1504,A1507,C0116,,
1505,A1508,C0144,,
1506,A1509,C0141,,
1507,A1510,C0145,,
1508,A1511,C0005,C0112,
1509,A1512,C0027,,
1510,A1513,C0085,,
1511,A1514,C0029,,
1512,A1515,C0126,,
1513,A1516,C0043,,
1514,A1517,C0087,C0041,
1515,A1518,C0087,,
1516,A1519,C0130,,
1517,A1520,C0034,,
1518,A1521,C0120,,
1519,A1522,C0099,,
1520,A1523,C0099,,
1521,A1524,C0099,,
1522,A1525,C0099,,
1523,A1526,C0099,,
1524,A1527,C0099,,
1525,A1528,C0099,,
1526,A1529,C0029,,
1527,A1530,C0098,,
1528,A1531,C0039,C0041,
1529,A1532,C0069,,
1530,A1533,C0070,,
1531,A1534,C0108,,
1532,A1535,C0097,C0106,
1533,A1536,C0076,,
1534,A1537,C0092,C0052,
1535,A1538,C0107,,
1536,A1539,C0130,,
1537,A1540,C0068,,
1538,A1541,C0037,,
1539,A1542,C0061,,
1540,A1543,C0026,,
1541,A1544,C0064,,
1542,A1545,C0120,,
1543,A1546,C0025,C0033,
1544,A1547,C0066,,
1545,A1548,C0080,C0039,
1546,A1549,C0120,,
1547,A1550,C0123,,
1548,A1551,C0123,,
1549,A1552,C0021,,
1550,A1553,C0081,,
1551,A1554,C0099,C0037,
1552,A1555,C0025,,
1553,A1556,C0123,,
1554,A1557,C0119,,
1555,A1558,C0128,,
1556,A1559,C0075,,
1557,A1560,C0129,C0130,
1558,A1561,C0129,C0131,
1559,A1562,C0104,,
1560,A1563,C0137,C0021,
1561,A1564,C0104,,
1562,A1565,C0086,,
1563,A1566,C0035,,
1564,A1567,C0056,,
1565,A1568,C0012,,
1566,A1569,C0005,C0112,
1567,A1570,C0086,,
1568,A1571,C0052,,
1569,A1572,C0057,,
1570,A1573,C0093,C0052,
1571,A1574,C0090,C0051,
1572,A1575,C0128,,
1573,A1576,C0060,,
1574,A1577,C0045,,
1575,A1578,C0026,,
1576,A1579,C0128,,
1577,A1580,C0072,,
1578,A1581,C0098,,
1579,A1582,C0051,,
1580,A1583,C0062,,
1581,A1584,C0062,,
1582,A1585,C0083,,
1583,A1586,C0063,,
1584,A1587,C0056,,
1585,A1588,C0058,,
1586,A1589,C0058,,
1587,A1590,C0051,,
1588,A1591,C0051,,
1589,A1592,C0094,,
1590,A1593,C0113,C0005,
1591,A1594,C0124,,
1592,A1595,C0005,C0102,
1593,A1596,C0083,,
1594,A1597,C0095,,
1595,A1598,C0069,,
1596,A1599,C0104,,
1597,A1600,C0057,,
1598,A1602,C0034,,
1599,A1603,C0120,,
1600,A1604,C0034,,
1601,A1605,C0022,,
1602,A1606,C0098,,
1603,A1607,C0075,,
1604,A1608,C0140,,
1605,A1609,C0012,,
1606,A1610,C0036,,
1607,A1611,C0069,,
1608,A1612,C0036,,
1609,A1613,C0063,,
1610,A1614,C0080,,
1611,A1615,C0076,,
1612,A1616,C0079,,
1613,A1617,C0079,,
1614,A1618,C0075,C0078,
1615,A1619,C0114,C0005,
1616,A1620,C0094,,
1617,A1621,C0026,,
1618,A1622,C0113,C0005,
1619,A1623,C0029,,
1620,A1624,C0022,,
1621,A1625,C0104,,
1622,A1626,C0037,,
1623,A1627,C0046,C0049,
1624,A1628,C0082,,
1625,A1629,C0030,,
1626,A1630,C0026,,
1627,A1631,C0109,,
1628,A1632,C0121,,
1629,A1633,C0012,,
1630,A1634,C0038,,
1631,A1635,C0100,,
1632,A1636,C0034,,
1633,A1637,C0100,,
1634,A1638,C0066,,
1635,A1639,C0122,,
1636,A1640,C0132,,
1637,A1641,C0122,,
1638,A1642,C0021,,
1639,A1643,C0022,,
1640,A1644,C0129,,
1641,A1645,C0129,,
1642,A1646,C0130,,
1643,A1647,C0035,,
1644,A1648,C0020,,
1645,A1649,C0060,,
1646,A1650,C0005,C0110,
1647,A1651,C0035,,
1648,A1652,C0135,,
1649,A1653,C0122,,
1650,A1654,C0130,,
1651,A1655,C0032,,
1652,A1656,C0032,,
1653,A1657,C0098,,
1654,A1658,C0051,,
1655,A1659,C0098,,
1656,A1660,C0029,,
1657,A1661,C0099,,
1658,A1662,C0094,,
1659,A1663,C0100,,
1660,A1664,C0098,,
1661,A1665,C0107,,
1662,A1666,C0104,,
1663,A1667,C0101,,
1664,A1668,C0104,,
1665,A1669,C0012,,
1666,A1670,C0053,,
1667,A1671,C0052,,
1668,A1672,C0054,C0089,
1669,A1673,C0063,,
1670,A1674,C0063,,
1671,A1675,C0060,,
1672,A1676,C0062,,
1673,A1677,C0073,C0063,
1674,A1678,C0092,C0055,
1675,A1679,C0055,,
1676,A1680,C0092,C0055,
1677,A1681,C0090,C0055,
1678,A1682,C0054,,
1679,A1683,C0093,C0055,
1680,A1684,C0093,C0055,
1681,A1685,C0062,,
1682,A1686,C0062,,
1683,A1687,C0096,,
1684,A1688,C0005,C0112,
1685,A1689,C0063,,
1686,A1690,C0062,,
1687,A1691,C0085,C0087,C0041
1688,A1692,C0069,,
1689,A1693,C0088,,
1690,A1694,C0026,,
1691,A1695,C0005,C0112,
1692,A1696,C0086,,
1693,A1697,C0114,C0005,
1694,A1698,C0042,,
1695,A1699,C0098,,
1696,A1700,C0035,,
1697,A1701,C0037,,
1698,A1702,C0035,,
1699,A1703,C0101,,
1700,A1704,C0030,,
1701,A1705,C0061,,
1702,A1706,C0035,,
1703,A1707,C0056,C0073,
1704,A1708,C0081,C0128,
1705,A1709,C0099,,
1706,A1710,C0107,,
1707,A1711,C0097,,
1708,A1712,C0101,,
1709,A1713,C0028,,
1710,A1714,C0129,,
1711,A1715,C0066,,
1712,A1716,C0142,,
1713,A1717,C0122,C0123,
1714,A1718,C0022,,
1715,A1719,C0022,,
1716,A1720,C0022,,
1717,A1721,C0022,,
1718,A1722,C0140,,
1719,A1723,C0099,,
1720,A1724,C0137,,
1721,A1725,C0097,C0137,
1722,A1726,C0144,,
1723,A1727,C0074,,
1724,A1728,C0022,,
1725,A1729,C0090,,
1726,A1730,C0049,,
1727,A1731,C0079,,
1728,A1732,C0121,,
1729,A1733,C0100,,
1730,A1734,C0038,,
1731,A1735,C0026,,
1732,A1736,C0025,,
1733,A1737,C0144,,
1734,A1738,C0029,,
1735,A1739,C0029,,
1736,A1740,C0094,,
1737,A1741,C0034,,
1738,A1742,C0107,,
1739,A1743,C0119,,
1740,A1744,C0079,,
1741,A1745,C0029,,
1742,A1746,C0058,,
1743,A1747,C0059,,
1744,A1748,C0035,,
1745,A1749,C0037,,
1746,A1750,C0098,,
1747,A1751,C0053,,
1748,A1752,C0140,,
1749,A1753,C0140,,
1750,A1754,C0107,,
1751,A1755,C0100,,
1752,A1756,C0107,,
1753,A1757,C0128,C0130,
1754,A1758,C0128,C0130,
1755,A1759,C0107,,
1756,A1760,C0124,,
1757,A1761,C0126,,
1758,A1762,C0105,,
1759,A1763,C0088,,
1760,A1764,C0120,,
1761,A1765,C0071,,
1762,A1766,C0021,,
1763,A1767,C0035,,
1764,A1768,C0034,,
1765,A1769,C0119,,
1766,A1770,C0029,,
1767,A1771,C0102,,
1768,A1772,C0029,,
1769,A1773,C0082,C0140,
1770,A1774,C0029,,
1771,A1775,C0022,,
1772,A1776,C0029,,
1773,A1777,C0029,,
1774,A1778,C0099,,
1775,A1779,C0109,,
1776,A1780,C0080,,
1777,A1781,C0080,C0128,
1778,A1782,C0022,,
1779,A1783,C0107,,
1780,A1784,C0099,,
1781,A1785,C0029,,
1782,A1786,C0029,,
1783,A1787,C0128,,
1784,A1788,C0101,,
1785,A1789,C0022,,
1786,A1790,C0034,,
1787,A1791,C0034,,
1788,A1792,C0035,,
1789,A1793,C0042,,
1790,A1794,C0005,C0112,
1791,A1795,C0087,,
1792,A1796,C0039,,
1793,A1797,C0029,,
1794,A1798,C0097,,
1795,A1799,C0005,C0107,
1796,A1800,C0061,,
1797,A1801,C0052,,
1798,A1802,C0066,,
1799,A1803,C0119,,
1800,A1804,C0113,C0005,
1801,A1805,C0035,,
1802,A1806,C0012,,
1803,A1807,C0062,,
1804,A1808,C0113,C0005,
1805,A1809,C0005,C0102,
1806,A1810,C0100,,
1807,A1811,C0113,C0005,
1808,A1812,C0101,,
1809,A1813,C0049,,
1810,A1814,C0141,,
1811,A1815,C0114,C0005,
1812,A1816,C0114,C0005,
1813,A1817,C0117,,
1814,A1818,C0064,,
1815,A1819,C0099,,
1816,A1820,C0029,,
1817,A1821,C0027,,
1818,A1822,C0064,,
1819,A1823,C0056,,
1820,A1824,C0049,,
1821,A1825,C0113,C0005,
1822,A1826,C0100,,
1823,A1827,C0105,,
1824,A1828,C0073,,
1825,A1829,C0063,,
1826,A1830,C0033,,
1827,A1831,C0022,,
1828,A1832,C0022,,
1829,A1833,C0022,,
1830,A1834,C0022,,
1831,A1835,C0022,,
1832,A1836,C0022,,
1833,A1837,C0033,,
1834,A1838,C0094,,
1835,A1839,C0127,,
1836,A1840,C0142,,
1837,A1841,C0079,,
1838,A1842,C0022,,
1839,A1843,C0083,,
1840,A1844,C0128,C0091,
1841,A1845,C0033,,
1842,A1846,C0026,,
1843,A1847,C0113,C0005,
1844,A1848,C0058,,
1845,A1849,C0034,,
1846,A1850,C0122,,
1847,A1851,C0098,,
1848,A1852,C0086,,
1849,A1853,C0080,,
1850,A1854,C0101,,
1851,A1855,C0101,,
1852,A1856,C0051,,
1853,A1857,C0100,,
1854,A1858,C0091,,
1855,A1859,C0081,,
1856,A1860,C0094,,
1857,A1861,C0123,,
1858,A1862,C0125,,
1859,A1863,C0142,,
1860,A1864,C0058,,
1861,A1865,C0058,,
1862,A1866,C0029,,
1863,A1867,C0072,,
1864,A1868,C0062,,
1865,A1869,C0120,,
1866,A1870,C0051,,
1867,A1871,C0026,,
1868,A1872,C0051,,
1869,A1873,C0029,,
1870,A1874,C0029,,
1871,A1875,C0029,,
1872,A1876,C0129,C0123,
1873,A1877,C0022,,
1874,A1878,C0033,,
1875,A1879,C0095,,
1876,A1880,C0021,,
1877,A1881,C0080,,
1878,A1882,C0069,,
1879,A1883,C0101,,
1880,A1884,C0098,,
1881,A1885,C0080,C0051,
1882,A1886,C0051,,
1883,A1887,C0036,,
1884,A1888,C0041,C0022,
1885,A1889,C0026,,
1886,A1890,C0080,,
1887,A1891,C0140,,
1888,A1892,C0029,,
1889,A1893,C0098,,
1890,A1894,C0036,,
1891,A1895,C0045,,
1892,A1896,C0074,C0063,
1893,A1897,C0057,,
1894,A1898,C0044,,
1895,A1899,C0049,,
1896,A1900,C0051,,
1897,A1901,C0091,C0055,
1898,A1902,C0091,C0055,
1899,A1903,C0091,C0055,
1900,A1904,C0091,C0055,
1901,A1905,C0063,,
1902,A1906,C0045,,
1903,A1907,C0049,,
1904,A1908,C0050,,
1905,A1909,C0056,,
1906,A1910,C0044,,
1907,A1911,C0055,,
1908,A1912,C0091,C0090,C0055
1909,A1913,C0091,C0055,
1910,A1914,C0091,C0055,
1911,A1915,C0093,C0056,
1912,A1916,C0033,,
1913,A1917,C0033,,
1914,A1918,C0080,,
1915,A1919,C0051,,
1916,A1920,C0122,,
1917,A1921,C0062,,
1918,A1922,C0022,,
1919,A1923,C0032,,
1920,A1924,C0061,,
1921,A1925,C0051,,
1922,A1926,C0085,,
1923,A1927,C0085,,
1924,A1928,C0084,,
1925,A1929,C0029,,
1926,A1930,C0030,,
1927,A1931,C0029,,
1928,A1932,C0065,,
1929,A1933,C0037,,
1930,A1934,C0070,,
1931,A1935,C0091,C0060,
1932,A1936,C0100,,
1933,A1937,C0065,,
1934,A1938,C0069,,
1935,A1939,C0042,,
1936,A1940,C0066,,
1937,A1941,C0052,,
1938,A1942,C0035,,
1939,A1943,C0045,,
1940,A1944,C0058,,
1941,A1945,C0082,,
1942,A1946,C0086,,
1943,A1947,C0091,,
1944,A1948,C0086,,
1945,A1949,C0042,,
1946,A1950,C0083,,
1947,A1951,C0083,,
1948,A1952,C0083,,
1949,A1953,C0083,,
1950,A1954,C0104,,
1951,A1955,C0080,,
1952,A1956,C0083,,
1953,A1957,C0083,,
1954,A1958,C0086,,
1955,A1959,C0086,,
1956,A1960,C0086,,
1957,A1961,C0086,,
1958,A1962,C0088,,
1959,A1963,C0083,,
1960,A1964,C0086,,
1961,A1965,C0083,,
1962,A1966,C0083,,
1963,A1967,C0088,,
1964,A1968,C0083,,
1965,A1969,C0088,,
1966,A1970,C0086,,
1967,A1971,C0088,,
1968,A1972,C0076,C0088,
1969,A1973,C0140,,
1970,A1974,C0136,,
1971,A1975,C0133,,
1972,A1976,C0085,,
1973,A1977,C0145,C0083,
1974,A1978,C0088,,
1975,A1979,C0037,,
1976,A1980,C0082,C0021,
1977,A1981,C0082,,
1978,A1982,C0083,,
1979,A1983,C0086,,
1980,A1984,C0139,C0079,
1981,A1985,C0083,,
1982,A1986,C0083,,
1983,A1987,C0083,,
1984,A1988,C0085,,
1985,A1989,C0125,,
1986,A1990,C0082,C0083,
1987,A1991,C0058,,
1988,A1992,C0100,,
1989,A1993,C0128,,
1990,A1994,C0069,,
1991,A1995,C0026,,
1992,A1996,C0083,,
1993,A1997,C0063,,
1994,A1998,C0115,,
1995,A1999,C0035,,
1996,A2000,C0113,C0005,
1997,A2001,C0120,,
1998,A2002,C0034,,
1999,A2003,C0111,C0005,
2000,A2004,C0129,,
2001,A2005,C0124,,
2002,A2006,C0054,,
2003,A2007,C0094,,
2004,A2008,C0035,,
2005,A2009,C0127,,
2006,A2010,C0128,C0118,
2007,A2011,C0029,,
2008,A2012,C0029,,
2009,A2013,C0140,,
2010,A2014,C0144,,
2011,A2015,C0107,,
2012,A2016,C0127,C0129,
2013,A2017,C0072,,
2014,A2018,C0102,,
2015,A2019,C0068,,
2016,A2020,C0099,C0107,
2017,A2021,C0022,,
2018,A2022,C0022,,
2019,A2023,C0023,,
2020,A2024,C0099,,
2021,A2025,C0056,,
2022,A2026,C0035,,
2023,A2027,C0033,,
2024,A2028,C0132,,
2025,A2029,C0138,,
2026,A2030,C0040,,
2027,A2031,C0136,,
2028,A2032,C0054,,
2029,A2033,C0118,C0033,
2030,A2034,C0035,,
2031,A2035,C0047,,
2032,A2036,C0104,,
2033,A2037,C0091,,
2034,A2038,C0005,C0112,
2035,A2039,C0033,,
2036,A2040,C0033,,
2037,A2041,C0106,,
2038,A2042,C0106,,
2039,A2043,C0109,,
2040,A2044,C0106,,
2041,A2045,C0106,,
2042,A2046,C0106,,
2043,A2047,C0109,,
2044,A2048,C0106,,
2045,A2049,C0106,,
2046,A2050,C0106,,
2047,A2051,C0109,,
2048,A2052,C0106,,
2049,A2053,C0109,,
2050,A2054,C0106,,
2051,A2055,C0106,,
2052,A2056,C0106,,
2053,A2057,C0109,,
2054,A2058,C0107,,
2055,A2059,C0106,,
2056,A2060,C0109,,
2057,A2061,C0106,,
2058,A2062,C0106,,
2059,A2063,C0054,,
2060,A2064,C0108,,
2061,A2065,C0101,,
2062,A2066,C0025,,
2063,A2067,C0026,,
2064,A2068,C0025,,
2065,A2069,C0104,,
2066,A2070,C0035,,
2067,A2071,C0034,,
2068,A2072,C0030,,
2069,A2073,C0128,,
2070,A2074,C0076,C0129,
2071,A2075,C0129,,
2072,A2076,C0043,,
2073,A2077,C0065,,
2074,A2078,C0080,C0060,
2075,A2079,C0025,C0021,
2076,A2080,C0097,,
2077,A2081,C0123,,
2078,A2082,C0099,,
2079,A2083,C0005,C0112,
2080,A2084,C0104,,
2081,A2085,C0030,,
2082,A2086,C0052,,
2083,A2087,C0041,,
2084,A2088,C0104,,
2085,A2089,C0056,,
2086,A2090,C0030,,
2087,A2091,C0051,,
2088,A2092,C0071,,
2089,A2093,C0057,,
2090,A2094,C0075,,
2091,A2095,C0085,,
2092,A2096,C0145,,
2093,A2097,C0080,C0083,
2094,A2098,C0144,,
2095,A2099,C0111,C0005,
2096,A2100,C0136,,
2097,A2101,C0099,,
2098,A2102,C0029,,
2099,A2103,C0130,,
2100,A2104,C0100,,
2101,A2105,C0125,,
2102,A2106,C0140,,
2103,A2107,C0058,,
2104,A2108,C0026,,
2105,A2109,C0080,,
2106,A2110,C0111,C0005,
2107,A2111,C0069,,
2108,A2112,C0030,,
2109,A2113,C0020,,
2110,A2114,C0100,,
2111,A2115,C0080,,
2112,A2116,C0083,,
2113,A2117,C0141,,
2114,A2118,C0118,C0012,
2115,A2119,C0141,,
2116,A2120,C0101,,
2117,A2121,C0034,,
2118,A2122,C0033,,
2119,A2123,C0076,C0020,
2120,A2124,C0142,,
2121,A2125,C0033,,
2122,A2126,C0076,,
2123,A2127,C0138,,
2124,A2128,C0069,,
2125,A2129,C0134,C0140,
2126,A2130,C0023,,
2127,A2131,C0132,,
2128,A2132,C0138,,
2129,A2133,C0139,C0079,
2130,A2134,C0078,,
2131,A2135,C0138,,
2132,A2136,C0021,,
2133,A2137,C0085,,
2134,A2138,C0088,,
2135,A2139,C0137,,
2136,A2140,C0036,,
2137,A2141,C0141,,
2138,A2142,C0026,,
2139,A2143,C0085,,
2140,A2144,C0101,,
2141,A2145,C0005,C0110,
2142,A2146,C0108,,
2143,A2147,C0005,C0110,
2144,A2148,C0085,,
2145,A2149,C0088,,
2146,A2150,C0005,C0112,
2147,A2151,C0091,,
2148,A2152,C0026,,
2149,A2153,C0101,,
2150,A2154,C0108,,
2151,A2155,C0073,,
2152,A2156,C0074,,
2153,A2157,C0026,C0104,
2154,A2158,C0025,,
2155,A2159,C0080,,
2156,A2160,C0067,,
2157,A2161,C0086,,
2158,A2162,C0137,C0099,
2159,A2163,C0060,,
2160,A2164,C0063,,
2161,A2165,C0054,,
2162,A2166,C0046,,
2163,A2167,C0049,,
2164,A2168,C0100,,
2165,A2169,C0081,,
2166,A2170,C0038,,
2167,A2171,C0042,,
2168,A2172,C0140,,
2169,A2173,C0035,,
2170,A2174,C0101,,
2171,A2175,C0101,,
2172,A2176,C0101,,
2173,A2177,C0021,,
2174,A2178,C0005,C0110,
2175,A2179,C0099,,
2176,A2180,C0098,,
2177,A2181,C0145,,
2178,A2182,C0087,,
2179,A2183,C0066,,
2180,A2184,C0005,C0112,
2181,A2185,C0051,,
2182,A2186,C0028,,
2183,A2187,C0029,,
2184,A2188,C0091,,
2185,A2189,C0051,,
2186,A2190,C0093,C0049,
2187,A2191,C0063,,
2188,A2192,C0045,,
2189,A2193,C0063,,
2190,A2194,C0142,,
2191,A2195,C0063,,
2192,A2196,C0035,,
2193,A2197,C0126,,
2194,A2198,C0029,,
2195,A2199,C0061,,
2196,A2200,C0051,,
2197,A2201,C0090,,
2198,A2202,C0045,,
2199,A2203,C0050,,
2200,A2204,C0100,,
2201,A2205,C0044,,
2202,A2206,C0113,C0005,
2203,A2207,C0119,,
2204,A2208,C0062,,
2205,A2209,C0058,,
2206,A2210,C0046,,
2207,A2211,C0050,,
2208,A2212,C0052,,
2209,A2213,C0058,C0062,
2210,A2214,C0090,C0055,
2211,A2215,C0090,C0055,
2212,A2216,C0063,,
2213,A2217,C0062,,
2214,A2218,C0063,,
2215,A2219,C0062,,
2216,A2220,C0044,,
2217,A2221,C0059,,
2218,A2222,C0046,C0049,
2219,A2223,C0098,,
2220,A2224,C0063,,
2221,A2225,C0072,,
2222,A2226,C0044,,
2223,A2227,C0111,C0005,
2224,A2228,C0070,,
2225,A2229,C0089,,
2226,A2230,C0143,,
2227,A2231,C0102,,
2228,A2232,C0119,,
2229,A2233,C0066,,
2230,A2234,C0057,,
2231,A2235,C0088,,
2232,A2236,C0038,,
2233,A2237,C0057,,
2234,A2238,C0101,,
2235,A2239,C0101,,
2236,A2240,C0103,,
2237,A2241,C0061,,
2238,A2242,C0038,C0060,
2239,A2243,C0116,,
2240,A2244,C0129,,
2241,A2245,C0108,,
2242,A2246,C0145,,
2243,A2247,C0037,,
2244,A2248,C0062,,
2245,A2249,C0048,,
2246,A2250,C0054,,
2247,A2251,C0091,C0060,
2248,A2252,C0051,,
2249,A2253,C0056,,
2250,A2254,C0056,,
2251,A2255,C0063,,
2252,A2256,C0049,,
2253,A2257,C0046,,
2254,A2258,C0056,,
2255,A2259,C0094,,
2256,A2260,C0060,,
2257,A2261,C0062,,
2258,A2262,C0130,,
2259,A2263,C0050,,
2260,A2264,C0060,,
2261,A2265,C0045,,
2262,A2266,C0053,,
2263,A2267,C0062,,
2264,A2268,C0088,,
2265,A2269,C0049,,
2266,A2270,C0058,,
2267,A2271,C0058,,
2268,A2272,C0057,,
2269,A2273,C0049,,
2270,A2274,C0058,,
2271,A2275,C0144,,
2272,A2276,C0061,,
2273,A2277,C0074,C0063,
2274,A2278,C0063,,
2275,A2279,C0054,,
2276,A2280,C0063,,
2277,A2281,C0060,,
2278,A2282,C0062,,
2279,A2283,C0045,,
2280,A2284,C0063,,
2281,A2285,C0058,,
2282,A2286,C0091,C0055,
2283,A2287,C0053,,
2284,A2288,C0051,,
2285,A2289,C0102,,
2286,A2290,C0091,,
2287,A2291,C0061,,
2288,A2292,C0051,,
2289,A2293,C0005,C0110,
2290,A2294,C0103,,
2291,A2295,C0130,,
2292,A2296,C0063,,
2293,A2297,C0056,,
2294,A2298,C0058,,
2295,A2299,C0073,,
2296,A2300,C0084,,
2297,A2301,C0050,,
2298,A2302,C0042,,
2299,A2303,C0117,,
2300,A2304,C0051,,
2301,A2305,C0088,,
2302,A2306,C0106,,
2303,A2307,C0121,,
2304,A2308,C0120,,
2305,A2309,C0024,,
2306,A2310,C0039,,
2307,A2311,C0104,,
2308,A2312,C0140,,
2309,A2313,C0088,,
2310,A2314,C0096,,
2311,A2315,C0120,C0037,
2312,A2316,C0029,,
2313,A2317,C0029,,
2314,A2318,C0035,,
2315,A2319,C0107,,
2316,A2320,C0100,,
2317,A2321,C0085,,
2318,A2322,C0098,,
2319,A2323,C0049,,
2320,A2324,C0058,,
2321,A2325,C0057,,
2322,A2326,C0100,,
2323,A2327,C0085,,
2324,A2328,C0089,,
2325,A2329,C0111,C0005,
2326,A2330,C0044,,
2327,A2331,C0114,C0005,
2328,A2332,C0100,,
2329,A2333,C0029,,
2330,A2334,C0098,,
2331,A2335,C0044,,
2332,A2336,C0063,,
2333,A2337,C0094,,
2334,A2338,C0108,,
2335,A2339,C0093,,
2336,A2340,C0072,,
2337,A2341,C0098,,
2338,A2342,C0094,,
2339,A2343,C0070,,
2340,A2344,C0080,C0091,
2341,A2345,C0119,,
2342,A2346,C0119,,
2343,A2347,C0102,,
2344,A2348,C0108,,
2345,A2349,C0102,,
2346,A2350,C0029,,
2347,A2351,C0145,,
2348,A2352,C0033,,
2349,A2353,C0133,C0042,
2350,A2354,C0100,,
2351,A2355,C0058,,
2352,A2356,C0040,,
2353,A2357,C0100,,
2354,A2358,C0052,,
2355,A2359,C0029,,
2356,A2360,C0111,C0005,
2357,A2361,C0100,,
2358,A2362,C0005,C0112,
2359,A2363,C0129,C0085,
2360,A2364,C0100,,
2361,A2365,C0115,,
2362,A2366,C0034,,
2363,A2367,C0026,,
2364,A2368,C0086,C0140,
2365,A2369,C0100,,
2366,A2370,C0073,,
2367,A2371,C0022,,
2368,A2372,C0056,,
2369,A2373,C0033,,
2370,A2374,C0005,C0110,
2371,A2375,C0103,,
2372,A2376,C0056,,
2373,A2377,C0137,,
2374,A2378,C0111,C0005,
2375,A2379,C0045,,
2376,A2380,C0088,,
2377,A2381,C0083,,
2378,A2382,C0096,,
2379,A2383,C0106,,
2380,A2384,C0067,,
2381,A2385,C0094,,
2382,A2386,C0088,C0023,
2383,A2387,C0094,,
2384,A2388,C0099,,
2385,A2389,C0102,,
2386,A2390,C0099,,
2387,A2391,C0101,,
2388,A2392,C0094,,
2389,A2393,C0094,,
2390,A2394,C0094,,
2391,A2395,C0094,,
2392,A2396,C0107,,
2393,A2397,C0099,,
2394,A2398,C0099,,
2395,A2399,C0099,,
2396,A2400,C0094,C0099,
2397,A2401,C0096,,
2398,A2402,C0100,,
2399,A2403,C0094,,
2400,A2404,C0094,,
2401,A2405,C0100,,
2402,A2406,C0061,,
2403,A2407,C0131,,
2404,A2408,C0144,,
2405,A2409,C0104,,
2406,A2410,C0104,,
2407,A2411,C0069,,
2408,A2412,C0026,,
2409,A2413,C0111,C0005,
2410,A2414,C0057,,
2411,A2415,C0098,,
2412,A2416,C0107,,
2413,A2417,C0043,,
2414,A2418,C0069,,
2415,A2419,C0096,,
2416,A2420,C0070,,
2417,A2421,C0005,C0112,
2418,A2422,C0044,,
2419,A2423,C0061,,
2420,A2424,C0037,,
2421,A2425,C0138,,
2422,A2426,C0122,,
2423,A2427,C0026,,
2424,A2428,C0090,C0138,
2425,A2429,C0065,,
2426,A2430,C0026,,
2427,A2431,C0025,,
2428,A2432,C0140,,
2429,A2433,C0128,,
2430,A2434,C0005,C0110,
2431,A2435,C0101,,
2432,A2436,C0121,,
2433,A2437,C0101,,
2434,A2438,C0050,,
2435,A2439,C0122,,
2436,A2440,C0120,C0037,
2437,A2441,C0037,,
2438,A2442,C0037,,
2439,A2443,C0033,,
2440,A2444,C0022,,
2441,A2445,C0063,,
2442,A2446,C0058,,
2443,A2447,C0045,C0049,
2444,A2448,C0053,,
2445,A2449,C0101,,
2446,A2450,C0114,C0005,
2447,A2451,C0030,,
2448,A2452,C0120,C0037,
2449,A2453,C0106,C0088,
2450,A2454,C0100,,
2451,A2455,C0140,,
2452,A2456,C0140,,
2453,A2457,C0140,,
2454,A2458,C0114,C0005,
2455,A2459,C0140,,
2456,A2460,C0136,C0122,
2457,A2461,C0080,,
2458,A2462,C0140,,
2459,A2463,C0094,,
2460,A2464,C0114,C0005,
2461,A2465,C0005,C0112,
2462,A2466,C0032,,
2463,A2467,C0021,,
2464,A2468,C0080,,
2465,A2469,C0074,,
2466,A2470,C0129,,
2467,A2471,C0098,,
2468,A2472,C0094,,
2469,A2473,C0096,,
2470,A2474,C0098,,
2471,A2475,C0131,,
2472,A2476,C0131,,
2473,A2477,C0043,,
2474,A2478,C0012,,
2475,A2479,C0070,,
2476,A2480,C0116,,
2477,A2481,C0029,,
2478,A2482,C0047,,
2479,A2483,C0048,,
2480,A2484,C0078,,
2481,A2485,C0035,,
2482,A2486,C0033,,
2483,A2487,C0028,,
2484,A2488,C0098,,
2485,A2489,C0094,,
2486,A2490,C0042,,
2487,A2491,C0100,,
2488,A2492,C0107,,
2489,A2493,C0098,C0088,
2490,A2494,C0098,,
2491,A2495,C0051,,
2492,A2496,C0107,,
2493,A2497,C0102,,
2494,A2498,C0082,,
2495,A2499,C0096,,
2496,A2500,C0123,,
2497,A2501,C0107,,
2498,A2502,C0132,,
2499,A2503,C0107,,
2500,A2504,C0143,,
2501,A2505,C0099,,
2502,A2506,C0140,,
2503,A2507,C0026,C0027,
2504,A2508,C0120,,
2505,A2509,C0099,,
2506,A2510,C0093,C0088,
2507,A2511,C0105,,
2508,A2512,C0055,,
2509,A2513,C0021,,
2510,A2514,C0060,,
2511,A2515,C0099,,
2512,A2516,C0099,,
2513,A2517,C0136,,
2514,A2518,C0120,,
2515,A2519,C0099,,
2516,A2520,C0136,,
2517,A2521,C0068,,
2518,A2522,C0026,,
2519,A2523,C0025,,
2520,A2524,C0005,C0112,
2521,A2525,C0072,,
2522,A2526,C0101,,
2523,A2527,C0125,,
2524,A2528,C0130,,
2525,A2529,C0101,,
2526,A2530,C0091,C0051,
2527,A2531,C0140,,
2528,A2532,C0140,,
2529,A2533,C0104,,
2530,A2534,C0101,,
2531,A2535,C0069,,
2532,A2536,C0040,,
2533,A2537,C0141,,
2534,A2538,C0094,,
2535,A2539,C0101,,
2536,A2540,C0128,,
2537,A2541,C0130,,
2538,A2542,C0101,,
2539,A2543,C0129,,
2540,A2544,C0116,,
2541,A2545,C0029,,
2542,A2546,C0029,,
2543,A2547,C0120,C0037,
2544,A2548,C0127,C0091,
2545,A2549,C0115,,
2546,A2550,C0060,,
2547,A2551,C0134,,
2548,A2552,C0119,,
2549,A2553,C0107,,
2550,A2554,C0126,,
2551,A2555,C0080,,
2552,A2556,C0061,,
2553,A2557,C0056,,
2554,A2558,C0058,,
2555,A2559,C0056,,
2556,A2560,C0052,,
2557,A2561,C0051,,
2558,A2562,C0107,,
2559,A2563,C0037,,
2560,A2564,C0118,,
2561,A2565,C0045,,
2562,A2566,C0057,,
2563,A2567,C0056,,
2564,A2568,C0089,,
2565,A2569,C0022,,
2566,A2570,C0022,,
2567,A2571,C0033,,
2568,A2572,C0094,,
2569,A2573,C0026,,
2570,A2574,C0005,C0112,
2571,A2575,C0098,,
2572,A2576,C0033,,
2573,A2577,C0062,,
2574,A2578,C0130,,
2575,A2579,C0098,,
2576,A2580,C0126,,
2577,A2581,C0130,,
2578,A2582,C0130,,
2579,A2583,C0101,C0131,
2580,A2584,C0101,C0131,
2581,A2585,C0101,C0131,
2582,A2586,C0131,,
2583,A2587,C0100,,
2584,A2588,C0074,,
2585,A2589,C0055,,
2586,A2590,C0080,C0098,
2587,A2591,C0080,C0096,
2588,A2592,C0076,,
2589,A2593,C0107,,
2590,A2594,C0114,C0005,
2591,A2595,C0073,,
2592,A2596,C0098,,
2593,A2597,C0146,,
2594,A2598,C0029,,
2595,A2599,C0094,C0103,
2596,A2600,C0121,,
2597,A2601,C0130,,
2598,A2602,C0104,,
2599,A2603,C0091,,
2600,A2604,C0026,,
2601,A2605,C0020,,
2602,A2606,C0020,,
2603,A2607,C0029,,
2604,A2608,C0080,,
2605,A2609,C0058,,
2606,A2610,C0121,,
2607,A2611,C0058,,
2608,A2612,C0030,,
2609,A2613,C0037,,
2610,A2614,C0083,,
2611,A2615,C0033,,
2612,A2616,C0107,,
2613,A2617,C0114,C0005,
2614,A2618,C0111,C0005,
2615,A2619,C0091,,
2616,A2620,C0091,,
2617,A2621,C0060,,
2618,A2622,C0111,C0005,
2619,A2623,C0114,C0005,
2620,A2624,C0029,,
2621,A2625,C0005,C0112,
2622,A2626,C0100,,
2623,A2627,C0030,,
2624,A2628,C0035,,
2625,A2629,C0030,,
2626,A2630,C0107,,
2627,A2631,C0121,,
2628,A2632,C0101,,
2629,A2633,C0125,,
2630,A2634,C0108,,
2631,A2635,C0026,,
2632,A2636,C0120,C0037,
2633,A2637,C0086,,
2634,A2638,C0012,,
2635,A2639,C0100,,
2636,A2640,C0091,,
2637,A2641,C0051,,
2638,A2642,C0141,,
2639,A2643,C0058,,
2640,A2644,C0099,,
2641,A2645,C0094,,
2642,A2646,C0061,,
2643,A2647,C0060,,
2644,A2648,C0063,,
2645,A2649,C0050,,
2646,A2650,C0061,,
2647,A2651,C0058,,
2648,A2652,C0058,,
2649,A2653,C0101,,
2650,A2654,C0012,,
2651,A2655,C0034,,
2652,A2656,C0047,,
2653,A2657,C0116,,
2654,A2658,C0120,C0037,
2655,A2659,C0051,,
2656,A2660,C0063,,
2657,A2661,C0128,,
2658,A2662,C0061,,
2659,A2663,C0141,,
2660,A2664,C0075,,
2661,A2665,C0024,,
2662,A2666,C0023,,
2663,A2667,C0023,,
2664,A2668,C0098,,
2665,A2669,C0102,,
2666,A2670,C0088,C0089,
2667,A2671,C0092,,
2668,A2672,C0060,,
2669,A2673,C0058,,
2670,A2674,C0062,,
2671,A2675,C0061,,
2672,A2676,C0113,C0005,
2673,A2677,C0056,,
2674,A2678,C0140,,
2675,A2679,C0090,C0055,
2676,A2680,C0090,C0055,
2677,A2681,C0090,C0055,
2678,A2682,C0063,,
2679,A2683,C0092,,
2680,A2684,C0063,,
2681,A2685,C0094,,
2682,A2686,C0130,,
2683,A2687,C0139,C0126,
2684,A2688,C0030,,
2685,A2689,C0025,,
2686,A2690,C0012,,
2687,A2691,C0012,,
2688,A2692,C0091,,
2689,A2693,C0012,,
2690,A2694,C0063,,
2691,A2695,C0021,,
2692,A2696,C0045,,
2693,A2697,C0104,C0107,
2694,A2698,C0114,C0005,
2695,A2699,C0114,C0005,
2696,A2700,C0080,,
2697,A2701,C0085,C0089,
2698,A2702,C0046,,
2699,A2703,C0052,,
2700,A2704,C0020,,
2701,A2705,C0080,,
2702,A2706,C0039,,
2703,A2707,C0114,,
2704,A2708,C0094,,
2705,A2709,C0067,,
2706,A2710,C0104,,
2707,A2711,C0033,,
2708,A2712,C0012,,
2709,A2713,C0120,,
2710,A2714,C0042,,
2711,A2715,C0021,,
2712,A2716,C0085,,
2713,A2717,C0033,,
2714,A2718,C0091,,
2715,A2719,C0091,C0071,
2716,A2720,C0091,C0066,
2717,A2721,C0099,,
2718,A2722,C0116,,
2719,A2723,C0026,,
2720,A2724,C0100,,
2721,A2725,C0102,,
2722,A2726,C0026,,
2723,A2727,C0101,,
2724,A2728,C0033,,
2725,A2729,C0031,,
2726,A2730,C0037,,
2727,A2731,C0025,,
2728,A2732,C0144,C0140,
2729,A2733,C0091,,
2730,A2734,C0026,,
2731,A2735,C0024,,
2732,A2736,C0107,,
2733,A2737,C0068,,
2734,A2738,C0080,,
2735,A2739,C0108,,
2736,A2740,C0027,,
2737,A2741,C0028,,
2738,A2742,C0104,,
2739,A2743,C0022,,
2740,A2744,C0022,,
2741,A2745,C0106,,
2742,A2746,C0097,,
2743,A2747,C0022,,
2744,A2748,C0005,C0107,
2745,A2749,C0107,,
2746,A2750,C0107,,
2747,A2751,C0047,,
2748,A2752,C0061,,
2749,A2753,C0060,,
2750,A2754,C0052,,
2751,A2755,C0045,,
2752,A2756,C0107,,
2753,A2757,C0061,,
2754,A2758,C0030,,
2755,A2759,C0129,,
2756,A2760,C0142,C0078,
2757,A2761,C0078,,
2758,A2762,C0083,,
2759,A2763,C0099,,
2760,A2764,C0102,,
2761,A2765,C0063,,
2762,A2766,C0058,,
2763,A2767,C0098,,
2764,A2768,C0056,,
2765,A2769,C0033,,
2766,A2770,C0140,,
2767,A2771,C0085,,
2768,A2772,C0085,,
2769,A2773,C0085,,
2770,A2774,C0085,,
2771,A2775,C0117,,
2772,A2776,C0037,,
2773,A2777,C0117,,
2774,A2778,C0022,,
2775,A2779,C0062,,
2776,A2780,C0101,,
2777,A2781,C0040,,
2778,A2782,C0105,,
2779,A2783,C0080,,
2780,A2784,C0131,,
2781,A2785,C0144,,
2782,A2786,C0141,,
2783,A2787,C0030,,
2784,A2788,C0107,,
2785,A2789,C0107,,
2786,A2790,C0080,,
2787,A2791,C0126,,
2788,A2792,C0104,,
2789,A2793,C0023,,
2790,A2794,C0037,,
2791,A2795,C0044,,
2792,A2796,C0107,,
2793,A2797,C0107,,
2794,A2798,C0029,,
2795,A2799,C0031,,
2796,A2800,C0032,,
2797,A2801,C0035,,
2798,A2802,C0065,,
2799,A2803,C0083,,
2800,A2804,C0073,,
2801,A2805,C0094,,
2802,A2806,C0105,,
2803,A2807,C0005,C0112,
2804,A2808,C0108,,
2805,A2809,C0035,,
2806,A2810,C0026,,
2807,A2811,C0021,,
2808,A2812,C0145,,
2809,A2813,C0005,C0112,
2810,A2814,C0124,,
2811,A2815,C0140,,
2812,A2816,C0140,,
2813,A2817,C0037,,
2814,A2818,C0143,,
2815,A2819,C0080,,
2816,A2820,C0080,,
2817,A2821,C0100,,
2818,A2822,C0035,,
2819,A2823,C0035,,
2820,A2824,C0030,,
2821,A2825,C0121,,
2822,A2826,C0094,,
2823,A2827,C0005,C0112,
2824,A2828,C0096,,
2825,A2829,C0107,,
2826,A2830,C0130,,
2827,A2831,C0113,C0005,
2828,A2832,C0126,,
2829,A2833,C0022,,
2830,A2834,C0023,,
2831,A2835,C0076,,
2832,A2836,C0101,,
2833,A2837,C0029,,
2834,A2838,C0101,,
2835,A2839,C0126,,
2836,A2840,C0037,,
2837,A2841,C0042,,
2838,A2842,C0086,,
2839,A2843,C0114,C0005,
2840,A2844,C0025,C0033,
2841,A2845,C0122,,
2842,A2846,C0145,,
2843,A2847,C0101,,
2844,A2848,C0042,,
2845,A2849,C0037,,
2846,A2850,C0060,,
2847,A2851,C0021,,
2848,A2852,C0107,,
2849,A2853,C0099,C0100,
2850,A2854,C0094,,
2851,A2855,C0094,,
2852,A2856,C0102,,
2853,A2857,C0100,,
2854,A2858,C0107,,
2855,A2859,C0107,,
2856,A2860,C0107,,
2857,A2861,C0100,,
2858,A2862,C0098,,
2859,A2863,C0035,,
2860,A2864,C0114,C0005,
2861,A2865,C0078,,
2862,A2866,C0022,,
2863,A2867,C0060,,
2864,A2868,C0061,,
2865,A2869,C0058,,
2866,A2870,C0063,,
2867,A2871,C0046,,
2868,A2872,C0135,,
2869,A2873,C0033,,
2870,A2874,C0032,,
2871,A2875,C0100,,
2872,A2876,C0081,,
2873,A2877,C0098,,
2874,A2878,C0102,,
2875,A2879,C0103,,
2876,A2880,C0066,,
2877,A2881,C0066,,
2878,A2882,C0066,,
2879,A2883,C0066,,
2880,A2884,C0066,,
2881,A2885,C0066,,
2882,A2886,C0066,,
2883,A2887,C0066,,
2884,A2888,C0066,,
2885,A2889,C0066,,
2886,A2890,C0066,,
2887,A2891,C0066,,
2888,A2892,C0066,,
2889,A2893,C0066,,
2890,A2894,C0066,,
2891,A2895,C0066,,
2892,A2896,C0066,,
2893,A2897,C0066,,
2894,A2898,C0064,,
2895,A2899,C0037,,
2896,A2900,C0120,,
2897,A2901,C0030,,
2898,A2902,C0111,C0005,
2899,A2903,C0032,,
2900,A2904,C0033,,
2901,A2905,C0033,,
2902,A2906,C0040,,
2903,A2907,C0071,,
2904,A2908,C0034,,
2905,A2909,C0140,,
2906,A2910,C0061,,
2907,A2911,C0088,,
2908,A2912,C0069,,
2909,A2913,C0094,,
2910,A2914,C0035,,
2911,A2915,C0038,,
2912,A2916,C0114,C0005,
2913,A2917,C0033,,
2914,A2918,C0051,,
2915,A2919,C0087,,
2916,A2920,C0079,,
2917,A2921,C0012,,
2918,A2922,C0107,,
2919,A2923,C0044,,
2920,A2924,C0100,,
2921,A2925,C0065,,
2922,A2926,C0128,C0145,
2923,A2927,C0124,,
2924,A2928,C0101,,
2925,A2929,C0135,C0140,
2926,A2930,C0135,,
2927,A2931,C0104,,
2928,A2932,C0141,C0025,
2929,A2933,C0031,,
2930,A2934,C0032,,
2931,A2935,C0102,,
2932,A2936,C0089,,
2933,A2937,C0107,,
2934,A2938,C0089,,
2935,A2939,C0089,,
2936,A2940,C0118,,
2937,A2941,C0100,,
2938,A2942,C0126,,
2939,A2943,C0050,,
2940,A2944,C0056,,
2941,A2945,C0058,,
2942,A2946,C0036,,
2943,A2947,C0145,,
2944,A2948,C0026,,
2945,A2949,C0026,,
2946,A2950,C0111,C0005,
2947,A2951,C0037,,
2948,A2952,C0033,,
2949,A2953,C0024,,
2950,A2954,C0026,,
2951,A2955,C0123,,
2952,A2956,C0005,C0112,
2953,A2957,C0113,C0005,
2954,A2958,C0021,,
2955,A2959,C0102,,
2956,A2960,C0100,,
2957,A2961,C0125,,
2958,A2962,C0101,,
2959,A2963,C0107,,
2960,A2964,C0130,,
2961,A2965,C0005,C0102,
2962,A2966,C0022,,
2963,A2967,C0107,,
2964,A2968,C0101,,
2965,A2969,C0101,,
2966,A2970,C0115,,
2967,A2971,C0139,,
2968,A2972,C0126,,
2969,A2973,C0107,,
2970,A2974,C0113,C0005,
2971,A2975,C0057,,
2972,A2976,C0056,,
2973,A2977,C0146,,
2974,A2978,C0026,,
2975,A2979,C0035,,
2976,A2980,C0046,,
2977,A2981,C0046,,
2978,A2982,C0037,,
2979,A2983,C0114,C0005,
2980,A2984,C0094,,
2981,A2985,C0114,C0005,
2982,A2986,C0029,,
2983,A2987,C0046,C0049,
2984,A2988,C0056,,
2985,A2989,C0094,,
2986,A2990,C0065,,
2987,A2991,C0072,,
2988,A2992,C0142,C0116,
2989,A2993,C0116,,
2990,A2994,C0116,,
2991,A2995,C0026,,
2992,A2996,C0067,,
2993,A2997,C0027,C0104,
2994,A2998,C0026,,
2995,A2999,C0032,C0027,
2996,A3000,C0032,C0027,
2997,A3001,C0102,,
2998,A3002,C0070,,
2999,A3003,C0134,,
3000,A3004,C0026,,
3001,A3005,C0069,,
3002,A3006,C0101,,
3003,A3007,C0102,,
3004,A3008,C0052,,
3005,A3009,C0091,,
3006,A3010,C0039,,
3007,A3011,C0094,,
3008,A3012,C0107,,
3009,A3013,C0097,,
3010,A3014,C0111,C0005,
3011,A3015,C0099,,
3012,A3016,C0106,,
3013,A3017,C0141,,
3014,A3018,C0101,,
3015,A3019,C0102,,
3016,A3020,C0130,,
3017,A3021,C0094,,
3018,A3022,C0005,C0112,
3019,A3023,C0101,,
3020,A3024,C0060,,
3021,A3025,C0101,,
3022,A3026,C0094,,
3023,A3027,C0071,,
3024,A3028,C0130,,
3025,A3029,C0021,,
3026,A3030,C0129,,
3027,A3031,C0085,,
3028,A3032,C0012,,
3029,A3033,C0143,,
3030,A3034,C0034,,
3031,A3035,C0029,,
3032,A3036,C0120,,
3033,A3037,C0033,,
3034,A3038,C0067,,
3035,A3039,C0037,,
3036,A3040,C0119,,
3037,A3041,C0104,,
3038,A3042,C0102,,
3039,A3043,C0104,,
3040,A3044,C0038,,
3041,A3045,C0080,,
3042,A3046,C0080,,
3043,A3047,C0037,,
3044,A3048,C0020,,
3045,A3049,C0145,,
3046,A3050,C0141,,
3047,A3051,C0104,,
3048,A3052,C0035,,
3049,A3053,C0051,,
3050,A3054,C0069,,
3051,A3055,C0069,,
3052,A3056,C0083,,
3053,A3057,C0080,,
3054,A3058,C0140,,
3055,A3059,C0104,,
3056,A3060,C0120,,
3057,A3061,C0051,C0055,
3058,A3062,C0072,,
3059,A3063,C0058,,
3060,A3064,C0080,,
3061,A3065,C0124,,
3062,A3066,C0005,C0110,
3063,A3067,C0033,,
3064,A3068,C0072,,
3065,A3069,C0126,,
3066,A3070,C0120,,
3067,A3071,C0128,,
3068,A3072,C0078,,
3069,A3073,C0078,,
3070,A3074,C0022,,
3071,A3075,C0079,,
3072,A3076,C0073,,
3073,A3077,C0132,,
3074,A3078,C0021,,
3075,A3079,C0129,C0021,
3076,A3080,C0129,C0022,
3077,A3081,C0037,,
3078,A3082,C0041,C0042,
3079,A3083,C0033,,
3080,A3084,C0035,,
3081,A3085,C0085,,
3082,A3086,C0085,,
3083,A3087,C0085,,
3084,A3088,C0085,,
3085,A3089,C0085,,
3086,A3090,C0012,,
3087,A3091,C0012,,
3088,A3092,C0041,,
3089,A3093,C0104,,
3090,A3094,C0120,C0037,
3091,A3095,C0107,,
3092,A3096,C0032,,
3093,A3097,C0144,,
3094,A3098,C0022,,
3095,A3099,C0101,,
3096,A3100,C0068,,
3097,A3101,C0030,,
3098,A3102,C0072,,
3099,A3103,C0100,,
3100,A3104,C0058,,
3101,A3105,C0038,,
3102,A3106,C0098,,
3103,A3107,C0026,,
3104,A3108,C0029,,
3105,A3109,C0033,,
3106,A3110,C0029,,
3107,A3111,C0091,,
3108,A3112,C0107,,
3109,A3113,C0035,,
3110,A3114,C0051,,
3111,A3115,C0080,,
3112,A3116,C0094,,
3113,A3117,C0101,,
3114,A3118,C0130,,
3115,A3119,C0030,,
3116,A3120,C0029,,
3117,A3121,C0104,,
3118,A3122,C0101,,
3119,A3123,C0026,,
3120,A3124,C0081,,
3121,A3125,C0025,C0097,
3122,A3126,C0097,C0137,
3123,A3127,C0098,,
3124,A3128,C0116,,
3125,A3129,C0130,,
3126,A3130,C0130,,
3127,A3131,C0022,,
3128,A3132,C0045,,
3129,A3133,C0116,,
3130,A3134,C0030,,
3131,A3135,C0099,,
3132,A3136,C0145,,
3133,A3137,C0111,C0005,
3134,A3138,C0128,,
3135,A3139,C0102,,
3136,A3140,C0128,,
3137,A3141,C0104,,
3138,A3142,C0099,,
3139,A3143,C0005,C0110,
3140,A3144,C0043,,
3141,A3145,C0098,,
3142,A3146,C0128,,
3143,A3147,C0026,,
3144,A3148,C0120,,
3145,A3149,C0102,,
3146,A3150,C0088,,
3147,A3151,C0113,C0005,
3148,A3152,C0127,,
3149,A3153,C0037,,
3150,A3154,C0042,,
3151,A3155,C0120,,
3152,A3156,C0005,C0102,
3153,A3157,C0113,C0005,
3154,A3158,C0030,,
3155,A3159,C0096,,
3156,A3160,C0098,,
3157,A3161,C0122,,
3158,A3162,C0140,,
3159,A3163,C0140,,
3160,A3164,C0140,,
3161,A3165,C0140,,
3162,A3166,C0029,,
3163,A3167,C0120,C0037,
3164,A3168,C0120,C0037,
3165,A3169,C0128,,
3166,A3170,C0108,,
3167,A3171,C0029,,
3168,A3172,C0061,,
3169,A3173,C0100,,
3170,A3174,C0045,,
3171,A3175,C0046,,
3172,A3176,C0045,,
3173,A3177,C0056,,
3174,A3178,C0060,,
3175,A3179,C0120,C0037,
3176,A3180,C0134,,
3177,A3181,C0134,,
3178,A3182,C0029,,
3179,A3183,C0101,,
3180,A3184,C0120,C0037,
3181,A3185,C0118,,
3182,A3186,C0136,,
3183,A3187,C0054,,
3184,A3188,C0061,,
3185,A3189,C0104,,
3186,A3190,C0033,,
3187,A3191,C0030,,
3188,A3192,C0051,,
3189,A3193,C0029,,
3190,A3194,C0101,,
3191,A3195,C0130,,
3192,A3196,C0043,,
3193,A3197,C0111,C0005,
3194,A3198,C0130,,
3195,A3199,C0029,,
3196,A3200,C0012,,
3197,A3201,C0054,,
3198,A3202,C0027,,
3199,A3203,C0026,,
3200,A3204,C0075,,
3201,A3205,C0104,,
3202,A3206,C0033,,
3203,A3207,C0080,,
3204,A3208,C0099,,
3205,A3209,C0071,,
3206,A3210,C0102,,
3207,A3211,C0113,C0005,
3208,A3212,C0061,,
3209,A3213,C0073,,
3210,A3214,C0051,,
3211,A3215,C0045,,
3212,A3216,C0068,,
3213,A3217,C0141,C0104,
3214,A3218,C0021,,
3215,A3219,C0080,,
3216,A3220,C0033,,
3217,A3221,C0107,,
3218,A3222,C0122,,
3219,A3223,C0051,,
3220,A3224,C0111,C0005,
3221,A3225,C0090,,
3222,A3226,C0040,,
3223,A3227,C0040,,
3224,A3228,C0033,,
3225,A3229,C0079,,
3226,A3230,C0069,,
3227,A3231,C0023,,
3228,A3232,C0107,,
3229,A3233,C0129,,
3230,A3234,C0026,,
3231,A3235,C0025,,
3232,A3236,C0025,,
3233,A3237,C0025,,
3234,A3238,C0145,C0122,
3235,A3239,C0021,,
3236,A3240,C0032,,
3237,A3241,C0032,,
3238,A3242,C0129,,
3239,A3243,C0021,,
3240,A3244,C0021,,
3241,A3245,C0021,,
3242,A3246,C0012,,
3243,A3247,C0064,,
3244,A3248,C0101,,
3245,A3249,C0091,C0108,
3246,A3250,C0029,,
3247,A3251,C0120,C0035,
3248,A3252,C0029,,
3249,A3253,C0028,,
3250,A3255,C0029,,
3251,A3256,C0033,C0036,
3252,A3257,C0102,,
3253,A3258,C0035,,
3254,A3259,C0024,,
3255,A3260,C0024,,
3256,A3261,C0022,,
3257,A3262,C0032,,
3258,A3263,C0032,,
3259,A3264,C0021,,
3260,A3265,C0104,,
3261,A3266,C0030,,
3262,A3267,C0026,,
3263,A3268,C0057,,
3264,A3269,C0035,,
3265,A3270,C0121,,
3266,A3271,C0022,,
3267,A3272,C0030,,
3268,A3273,C0104,,
3269,A3274,C0029,,
3270,A3275,C0120,C0037,
3271,A3276,C0022,C0024,
3272,A3277,C0026,,
3273,A3278,C0101,,
3274,A3279,C0033,,
3275,A3280,C0029,,
3276,A3281,C0079,,
3277,A3282,C0071,C0073,
3278,A3283,C0073,,
3279,A3284,C0085,,
3280,A3285,C0121,,
3281,A3286,C0005,C0112,
3282,A3287,C0012,,
3283,A3288,C0095,,
3284,A3289,C0138,,
3285,A3290,C0140,,
3286,A3291,C0087,,
3287,A3292,C0083,,
3288,A3293,C0087,,
3289,A3294,C0085,,
3290,A3295,C0140,,
3291,A3296,C0083,,
3292,A3297,C0040,,
3293,A3298,C0140,,
3294,A3299,C0140,,
3295,A3300,C0140,,
3296,A3301,C0031,,
3297,A3302,C0137,,
3298,A3303,C0137,,
3299,A3304,C0026,,
3300,A3305,C0032,,
3301,A3306,C0080,,
3302,A3307,C0122,,
3303,A3308,C0086,,
3304,A3309,C0035,,
3305,A3310,C0090,C0092,
3306,A3311,C0126,,
3307,A3312,C0042,,
3308,A3313,C0060,,
3309,A3314,C0060,,
3310,A3315,C0060,,
3311,A3316,C0135,C0118,
3312,A3317,C0135,,
3313,A3318,C0086,,
3314,A3319,C0073,,
3315,A3320,C0094,,
3316,A3321,C0094,,
3317,A3322,C0101,,
3318,A3323,C0005,C0112,
3319,A3324,C0140,,
3320,A3325,C0069,,
3321,A3326,C0097,,
3322,A3327,C0118,,
3323,A3328,C0126,,
3324,A3329,C0026,,
3325,A3330,C0025,,
3326,A3331,C0025,,
3327,A3332,C0120,,
3328,A3333,C0145,C0141,C0118
3329,A3334,C0029,,
3330,A3335,C0143,,
3331,A3336,C0132,C0135,
3332,A3337,C0098,,
3333,A3338,C0094,,
3334,A3339,C0026,,
3335,A3340,C0145,,
3336,A3341,C0104,,
3337,A3342,C0080,,
3338,A3343,C0140,,
3339,A3344,C0094,,
3340,A3345,C0072,,
3341,A3346,C0140,,
3342,A3347,C0012,,
3343,A3348,C0037,,
3344,A3349,C0136,,
3345,A3350,C0140,,
3346,A3351,C0145,,
3347,A3352,C0033,,
3348,A3353,C0072,,
3349,A3354,C0140,,
3350,A3355,C0080,,
3351,A3356,C0012,,
3352,A3357,C0075,,
3353,A3358,C0033,C0088,
3354,A3359,C0023,,
3355,A3360,C0026,,
3356,A3361,C0140,,
3357,A3362,C0140,,
3358,A3363,C0141,,
3359,A3364,C0033,,
3360,A3365,C0026,,
3361,A3366,C0032,,
3362,A3367,C0030,,
3363,A3368,C0021,,
3364,A3369,C0022,,
3365,A3370,C0030,,
3366,A3371,C0033,,
3367,A3372,C0030,,
3368,A3373,C0046,,
3369,A3374,C0139,,
3370,A3375,C0113,C0005,
3371,A3376,C0029,,
3372,A3377,C0120,,
3373,A3378,C0031,,
3374,A3379,C0033,,
3375,A3380,C0035,,
3376,A3381,C0100,,
3377,A3382,C0056,,
3378,A3383,C0128,,
3379,A3384,C0105,,
3380,A3385,C0053,,
3381,A3386,C0012,,
3382,A3387,C0075,,
3383,A3388,C0005,C0110,
3384,A3389,C0080,,
3385,A3390,C0051,,
3386,A3391,C0083,,
3387,A3392,C0012,,
3388,A3393,C0027,,
3389,A3394,C0076,,
3390,A3395,C0021,,
3391,A3396,C0021,,
3392,A3397,C0105,,
3393,A3398,C0126,,
3394,A3399,C0067,,
3395,A3400,C0038,,
3396,A3401,C0096,,
3397,A3402,C0043,,
3398,A3403,C0114,C0005,
3399,A3404,C0130,,
3400,A3405,C0083,,
3401,A3406,C0077,,
3402,A3407,C0075,,
3403,A3408,C0094,,
3404,A3409,C0035,,
3405,A3410,C0033,,
3406,A3411,C0063,,
3407,A3412,C0135,,
3408,A3413,C0129,,
3409,A3414,C0083,,
3410,A3415,C0129,,
3411,A3416,C0021,,
3412,A3417,C0129,C0022,
3413,A3418,C0120,C0037,
3414,A3419,C0026,,
3415,A3420,C0026,,
3416,A3421,C0066,,
3417,A3422,C0130,,
3418,A3423,C0130,,
3419,A3424,C0130,,
3420,A3425,C0097,,
3421,A3426,C0097,,
3422,A3427,C0137,,
3423,A3428,C0130,,
3424,A3429,C0089,,
3425,A3430,C0058,,
3426,A3431,C0038,,
3427,A3432,C0073,,
3428,A3433,C0080,,
3429,A3434,C0101,,
3430,A3435,C0119,,
3431,A3436,C0025,,
3432,A3437,C0045,,
3433,A3438,C0066,,
3434,A3439,C0029,,
3435,A3440,C0065,,
3436,A3441,C0123,,
3437,A3442,C0056,,
3438,A3443,C0064,,
3439,A3444,C0137,,
3440,A3445,C0029,,
3441,A3446,C0035,,
3442,A3447,C0099,,
3443,A3448,C0022,,
3444,A3449,C0022,,
3445,A3450,C0088,,
3446,A3451,C0021,C0022,
3447,A3452,C0029,,
3448,A3453,C0107,,
3449,A3454,C0029,,
3450,A3455,C0029,,
3451,A3456,C0141,,
3452,A3457,C0130,,
3453,A3458,C0101,,
3454,A3459,C0066,,
3455,A3460,C0066,,
3456,A3461,C0042,,
3457,A3462,C0042,,
3458,A3463,C0045,,
3459,A3464,C0057,,
3460,A3465,C0083,,
3461,A3466,C0066,,
3462,A3467,C0143,,
3463,A3468,C0021,,
3464,A3469,C0034,,
3465,A3470,C0111,C0005,
3466,A3471,C0005,C0112,
3467,A3472,C0005,C0112,
3468,A3473,C0114,,
3469,A3474,C0074,,
3470,A3475,C0071,,
3471,A3476,C0033,,
3472,A3477,C0033,,
3473,A3478,C0097,,
3474,A3479,C0043,,
3475,A3480,C0140,,
3476,A3481,C0054,,
3477,A3482,C0026,,
3478,A3483,C0098,,
3479,A3484,C0107,,
3480,A3485,C0026,,
3481,A3486,C0025,,
3482,A3487,C0120,C0037,
3483,A3488,C0066,,
3484,A3489,C0120,,
3485,A3490,C0046,,
3486,A3491,C0050,,
3487,A3492,C0074,,
3488,A3493,C0091,C0055,
3489,A3494,C0091,C0055,
3490,A3495,C0091,C0055,
3491,A3496,C0062,,
3492,A3497,C0089,,
3493,A3498,C0048,,
3494,A3499,C0056,C0073,
3495,A3500,C0107,,
3496,A3501,C0117,,
3497,A3502,C0035,,
3498,A3503,C0029,,
3499,A3504,C0142,,
3500,A3505,C0096,,
3501,A3506,C0104,,
3502,A3507,C0101,,
3503,A3508,C0101,,
3504,A3509,C0103,,
3505,A3510,C0050,,
3506,A3511,C0035,,
3507,A3512,C0133,,
3508,A3513,C0047,,
3509,A3514,C0058,,
3510,A3515,C0046,,
3511,A3516,C0092,C0058,
3512,A3517,C0092,,
3513,A3518,C0056,,
3514,A3519,C0092,,
3515,A3520,C0072,,
3516,A3521,C0022,,
3517,A3522,C0029,,
3518,A3523,C0029,,
3519,A3524,C0101,,
3520,A3525,C0101,,
3521,A3526,C0107,,
3522,A3527,C0128,,
3523,A3528,C0026,,
3524,A3529,C0091,,
3525,A3530,C0042,,
3526,A3531,C0080,C0091,
3527,A3532,C0080,,
3528,A3533,C0045,,
3529,A3534,C0080,C0091,
3530,A3535,C0039,,
3531,A3536,C0091,,
3532,A3537,C0091,,
3533,A3538,C0005,C0112,
3534,A3539,C0092,,
3535,A3540,C0098,,
3536,A3541,C0074,,
3537,A3542,C0080,C0051,
3538,A3543,C0062,,
3539,A3544,C0098,,
3540,A3545,C0029,,
3541,A3546,C0051,,
3542,A3547,C0029,,
3543,A3548,C0037,,
3544,A3549,C0081,,
3545,A3550,C0098,,
3546,A3551,C0060,,
3547,A3552,C0085,,
3548,A3553,C0142,,
3549,A3554,C0082,,
3550,A3555,C0136,,
3551,A3556,C0085,,
3552,A3557,C0074,,
3553,A3558,C0085,,
3554,A3559,C0101,,
3555,A3560,C0026,,
3556,A3561,C0121,,
3557,A3562,C0051,,
3558,A3563,C0063,,
3559,A3564,C0124,,
3560,A3565,C0123,,
3561,A3566,C0091,,
3562,A3567,C0143,,
3563,A3568,C0005,C0112,
3564,A3569,C0083,,
3565,A3570,C0088,,
3566,A3571,C0069,,
3567,A3572,C0026,,
3568,A3573,C0062,,
3569,A3574,C0026,,
3570,A3575,C0114,C0005,
3571,A3576,C0088,,
3572,A3577,C0096,,
3573,A3578,C0094,,
3574,A3579,C0114,C0005,
3575,A3580,C0057,,
3576,A3581,C0085,,
3577,A3582,C0050,,
3578,A3583,C0130,,
3579,A3584,C0127,,
3580,A3585,C0037,,
3581,A3586,C0120,C0037,
3582,A3587,C0094,C0103,
3583,A3588,C0107,,
3584,A3589,C0114,C0005,
3585,A3590,C0074,,
3586,A3591,C0113,C0005,
3587,A3592,C0127,C0107,
3588,A3593,C0113,C0005,
3589,A3594,C0098,,
3590,A3595,C0113,C0005,
3591,A3596,C0100,,
3592,A3597,C0051,,
3593,A3598,C0101,,
3594,A3599,C0066,,
3595,A3600,C0025,,
3596,A3601,C0107,,
3597,A3602,C0030,,
3598,A3603,C0045,,
3599,A3604,C0051,,
3600,A3605,C0026,,
3601,A3606,C0005,C0102,
3602,A3607,C0074,C0063,
3603,A3608,C0073,C0063,
3604,A3609,C0130,,
3605,A3610,C0130,,
3606,A3611,C0130,,
3607,A3612,C0107,,
3608,A3613,C0034,,
3609,A3614,C0107,,
3610,A3615,C0005,C0112,
3611,A3616,C0104,,
3612,A3617,C0122,,
3613,A3618,C0034,,
3614,A3619,C0128,,
3615,A3620,C0104,,
3616,A3621,C0061,,
3617,A3622,C0069,,
3618,A3623,C0128,,
3619,A3624,C0118,,
3620,A3625,C0096,,
3621,A3626,C0096,,
3622,A3627,C0098,,
3623,A3628,C0098,,
3624,A3629,C0051,,
3625,A3630,C0044,,
3626,A3631,C0083,,
3627,A3632,C0024,,
3628,A3633,C0023,,
3629,A3634,C0005,C0110,
3630,A3635,C0030,,
3631,A3636,C0030,,
3632,A3637,C0030,,
3633,A3638,C0034,,
3634,A3639,C0029,,
3635,A3640,C0064,,
3636,A3641,C0026,,
3637,A3642,C0070,,
3638,A3643,C0022,,
3639,A3644,C0030,,
3640,A3645,C0119,,
3641,A3646,C0033,,
3642,A3647,C0075,,
3643,A3648,C0033,,
3644,A3649,C0021,,
3645,A3650,C0043,,
3646,A3651,C0118,,
3647,A3652,C0031,C0032,
3648,A3653,C0115,C0126,
3649,A3654,C0136,,
3650,A3655,C0101,,
3651,A3656,C0091,,
3652,A3657,C0069,,
3653,A3658,C0130,,
3654,A3659,C0042,,
3655,A3660,C0069,,
3656,A3661,C0101,,
3657,A3662,C0039,,
3658,A3663,C0133,,
3659,A3664,C0092,,
3660,A3665,C0129,,
3661,A3666,C0115,,
3662,A3667,C0145,,
3663,A3668,C0033,,
3664,A3669,C0099,,
3665,A3670,C0137,,
3666,A3671,C0099,,
3667,A3672,C0026,,
3668,A3673,C0044,,
3669,A3674,C0088,,
3670,A3675,C0097,C0118,
3671,A3676,C0107,,
3672,A3677,C0104,,
3673,A3678,C0087,,
3674,A3679,C0085,,
3675,A3680,C0085,C0041,
3676,A3681,C0032,C0037,
3677,A3682,C0126,,
3678,A3683,C0056,,
3679,A3684,C0026,,
3680,A3685,C0020,,
3681,A3686,C0020,C0129,
3682,A3687,C0140,,
3683,A3688,C0114,C0005,
3684,A3689,C0069,,
3685,A3690,C0100,,
3686,A3691,C0138,,
3687,A3692,C0088,,
3688,A3693,C0032,,
3689,A3694,C0037,,
3690,A3695,C0005,C0112,
3691,A3696,C0005,C0112,
3692,A3697,C0119,,
3693,A3698,C0043,,
3694,A3699,C0120,C0037,
3695,A3700,C0126,,
3696,A3701,C0012,,
3697,A3702,C0101,,
3698,A3703,C0114,,
3699,A3704,C0065,,
3700,A3705,C0069,,
3701,A3706,C0022,,
3702,A3707,C0051,,
3703,A3708,C0100,,
3704,A3709,C0034,,
3705,A3710,C0044,,
3706,A3711,C0101,,
3707,A3712,C0051,,
3708,A3713,C0029,,
3709,A3714,C0023,,
3710,A3715,C0023,,
3711,A3716,C0101,,
3712,A3717,C0129,,
3713,A3718,C0071,,
3714,A3719,C0088,,
3715,A3720,C0042,,
3716,A3721,C0127,C0129,
3717,A3722,C0118,,
3718,A3723,C0035,,
3719,A3724,C0107,,
3720,A3725,C0034,,
3721,A3726,C0128,,
3722,A3727,C0041,,
3723,A3728,C0120,,
3724,A3729,C0128,,
3725,A3730,C0033,,
3726,A3731,C0085,,
3727,A3732,C0080,,
3728,A3733,C0114,C0005,
3729,A3734,C0052,,
3730,A3735,C0042,,
3731,A3736,C0100,,
3732,A3737,C0119,,
3733,A3738,C0026,,
3734,A3739,C0104,,
3735,A3740,C0026,,
3736,A3741,C0051,,
3737,A3742,C0116,,
3738,A3743,C0131,,
3739,A3744,C0142,,
3740,A3745,C0111,C0005,
3741,A3746,C0088,,
3742,A3747,C0080,,
3743,A3748,C0022,,
3744,A3749,C0145,,
3745,A3750,C0051,,
3746,A3751,C0088,,
3747,A3752,C0083,,
3748,A3753,C0066,,
3749,A3754,C0123,,
3750,A3755,C0029,,
3751,A3756,C0132,,
3752,A3757,C0039,,
3753,A3758,C0118,,
3754,A3759,C0005,C0112,
3755,A3760,C0005,C0112,
3756,A3761,C0033,,
3757,A3762,C0137,,
3758,A3763,C0130,,
3759,A3764,C0122,,
3760,A3765,C0097,,
3761,A3766,C0029,,
3762,A3767,C0097,,
3763,A3768,C0101,,
3764,A3769,C0101,,
3765,A3770,C0029,,
3766,A3771,C0033,,
3767,A3772,C0140,,
3768,A3773,C0140,,
3769,A3774,C0140,,
3770,A3775,C0133,C0140,
3771,A3776,C0082,C0090,
3772,A3777,C0135,,
3773,A3778,C0140,,
3774,A3779,C0057,,
3775,A3780,C0069,,
3776,A3781,C0026,,
3777,A3782,C0025,,
3778,A3783,C0025,,
3779,A3784,C0104,,
3780,A3785,C0104,,
3781,A3786,C0104,,
3782,A3787,C0120,C0104,
3783,A3788,C0104,,
3784,A3789,C0104,,
3785,A3790,C0104,,
3786,A3791,C0104,,
3787,A3792,C0022,,
3788,A3793,C0022,,
3789,A3794,C0005,C0102,
3790,A3795,C0114,C0005,
3791,A3796,C0029,,
3792,A3797,C0116,,
3793,A3798,C0142,,
3794,A3799,C0037,,
3795,A3800,C0037,,
3796,A3801,C0066,,
3797,A3802,C0021,,
3798,A3803,C0117,,
3799,A3804,C0114,C0005,
3800,A3805,C0096,,
3801,A3806,C0099,,
3802,A3807,C0095,,
3803,A3808,C0111,C0005,
3804,A3809,C0005,C0112,
3805,A3810,C0101,,
3806,A3811,C0094,,
3807,A3812,C0095,C0099,
3808,A3813,C0130,,
3809,A3814,C0029,,
3810,A3815,C0107,,
3811,A3816,C0088,,
3812,A3817,C0120,,
3813,A3818,C0116,,
3814,A3819,C0083,,
3815,A3820,C0023,,
3816,A3821,C0129,C0023,
3817,A3822,C0023,,
3818,A3823,C0129,C0023,
3819,A3824,C0023,,
3820,A3825,C0023,,
3821,A3826,C0129,C0023,
3822,A3827,C0023,,
3823,A3828,C0023,,
3824,A3829,C0021,C0023,
3825,A3830,C0005,C0112,
3826,A3831,C0090,,
3827,A3832,C0083,C0041,
3828,A3833,C0083,,
3829,A3834,C0069,,
3830,A3835,C0029,,
3831,A3836,C0029,,
3832,A3837,C0140,,
3833,A3838,C0140,,
3834,A3839,C0021,,
3835,A3840,C0078,,
3836,A3841,C0021,,
3837,A3842,C0035,,
3838,A3843,C0012,,
3839,A3844,C0021,,
3840,A3845,C0034,,
3841,A3846,C0030,,
3842,A3847,C0088,,
3843,A3848,C0029,,
3844,A3849,C0070,,
3845,A3851,C0123,,
3846,A3852,C0029,,
3847,A3853,C0097,C0118,
3848,A3854,C0039,,
3849,A3855,C0023,,
3850,A3856,C0023,,
3851,A3857,C0023,,
3852,A3858,C0079,,
3853,A3859,C0123,,
3854,A3860,C0111,C0005,
3855,A3861,C0134,,
3856,A3862,C0101,,
3857,A3863,C0101,,
3858,A3864,C0128,,
3859,A3865,C0034,,
3860,A3866,C0074,,
3861,A3867,C0145,,
3862,A3868,C0051,,
3863,A3869,C0063,,
3864,A3870,C0096,,
3865,A3871,C0058,,
3866,A3872,C0022,,
3867,A3873,C0116,,
3868,A3874,C0116,,
3869,A3875,C0119,,
3870,A3876,C0126,,
3871,A3877,C0126,,
3872,A3878,C0119,,
3873,A3879,C0119,,
3874,A3880,C0120,C0037,
3875,A3881,C0126,,
3876,A3882,C0029,,
3877,A3883,C0072,,
3878,A3884,C0012,,
3879,A3885,C0080,,
3880,A3886,C0129,,
3881,A3887,C0028,,
3882,A3888,C0061,,
3883,A3889,C0030,,
3884,A3890,C0032,C0033,
3885,A3891,C0058,,
3886,A3892,C0046,,
3887,A3893,C0031,C0063,
3888,A3894,C0050,,
3889,A3895,C0091,,
3890,A3896,C0061,,
3891,A3897,C0034,,
3892,A3898,C0126,,
3893,A3899,C0034,,
3894,A3900,C0141,C0144,
3895,A3901,C0130,,
3896,A3902,C0098,,
3897,A3903,C0040,,
3898,A3904,C0080,,
3899,A3905,C0101,,
3900,A3906,C0106,,
3901,A3907,C0101,,
3902,A3908,C0130,,
3903,A3909,C0099,,
3904,A3910,C0101,,
3905,A3911,C0021,,
3906,A3912,C0033,,
3907,A3913,C0026,,
3908,A3914,C0030,,
3909,A3915,C0070,,
3910,A3916,C0101,,
3911,A3917,C0030,,
3912,A3918,C0094,,
3913,A3919,C0094,,
3914,A3920,C0096,,
3915,A3921,C0114,C0005,
3916,A3922,C0069,,
3917,A3923,C0122,,
3918,A3924,C0094,C0127,
3919,A3925,C0132,C0140,
3920,A3926,C0120,,
3921,A3927,C0120,C0037,
3922,A3928,C0120,C0037,
3923,A3929,C0064,,
3924,A3930,C0051,,
3925,A3931,C0026,,
3926,A3932,C0025,,
3927,A3933,C0140,,
3928,A3934,C0037,,
3929,A3935,C0100,,
3930,A3936,C0080,,
3931,A3937,C0097,C0118,
3932,A3938,C0102,,
3933,A3939,C0123,,
3934,A3940,C0022,,
3935,A3941,C0080,,
3936,A3942,C0058,,
3937,A3943,C0037,,
3938,A3944,C0037,,
3939,A3945,C0097,,
3940,A3946,C0128,,
3941,A3947,C0119,,
3942,A3948,C0124,,
3943,A3949,C0124,,
3944,A3950,C0130,,
3945,A3951,C0116,,
3946,A3952,C0116,,
3947,A3953,C0020,,
3948,A3954,C0115,,
3949,A3955,C0127,C0093,
3950,A3956,C0144,,
3951,A3957,C0141,,
3952,A3958,C0138,,
3953,A3959,C0113,C0005,
3954,A3960,C0098,,
3955,A3961,C0137,,
3956,A3962,C0081,C0091,
3957,A3963,C0098,,
3958,A3964,C0080,,
3959,A3965,C0029,,
3960,A3966,C0029,,
3961,A3967,C0041,,
3962,A3968,C0114,C0005,
3963,A3969,C0005,C0112,
3964,A3970,C0085,,
3965,A3971,C0029,,
3966,A3972,C0140,,
3967,A3973,C0088,,
3968,A3974,C0005,C0112,
3969,A3975,C0102,,
3970,A3976,C0059,,
3971,A3977,C0083,,
3972,A3978,C0081,,
3973,A3979,C0012,,
3974,A3980,C0064,,
3975,A3981,C0005,C0110,
3976,A3982,C0085,,
3977,A3983,C0130,,
3978,A3984,C0074,C0063,
3979,A3985,C0130,,
3980,A3986,C0084,,
3981,A3987,C0069,,
3982,A3988,C0100,,
3983,A3989,C0111,C0005,
3984,A3990,C0128,C0100,
3985,A3991,C0111,C0005,
3986,A3992,C0105,,
3987,A3993,C0036,,
3988,A3994,C0069,,
3989,A3995,C0108,,
3990,A3996,C0085,,
3991,A3997,C0037,,
3992,A3998,C0026,,
3993,A3999,C0114,C0005,
3994,A4000,C0040,,
3995,A4001,C0040,,
3996,A4002,C0037,,
3997,A4003,C0100,,
3998,A4004,C0035,,
3999,A4005,C0029,,
4000,A4006,C0033,,
4001,A4007,C0130,,
4002,A4008,C0078,,
4003,A4009,C0117,,
4004,A4010,C0026,,
4005,A4011,C0070,,
4006,A4012,C0103,,
4007,A4013,C0103,,
4008,A4014,C0129,,
4009,A4015,C0129,,
4010,A4016,C0129,,
4011,A4017,C0129,,
4012,A4018,C0129,C0126,
4013,A4019,C0026,,
4014,A4020,C0021,,
4015,A4021,C0080,,
4016,A4022,C0128,,
4017,A4023,C0123,,
4018,A4024,C0124,,
4019,A4025,C0060,,
4020,A4026,C0050,,
4021,A4027,C0026,,
4022,A4028,C0094,,
4023,A4029,C0029,,
4024,A4030,C0140,,
4025,A4031,C0145,,
4026,A4032,C0111,C0005,
4027,A4033,C0033,,
4028,A4034,C0026,,
4029,A4035,C0073,,
4030,A4036,C0115,,
4031,A4037,C0091,,
4032,A4038,C0124,,
4033,A4039,C0113,C0005,
4034,A4040,C0115,,
4035,A4041,C0067,,
4036,A4042,C0065,,
4037,A4043,C0093,,
4038,A4044,C0101,,
4039,A4045,C0072,,
4040,A4046,C0130,,
4041,A4047,C0073,,
4042,A4048,C0068,,
4043,A4049,C0072,,
4044,A4050,C0102,,
4045,A4051,C0124,,
4046,A4052,C0076,,
4047,A4053,C0072,,
4048,A4054,C0074,,
4049,A4055,C0072,,
4050,A4056,C0115,,
4051,A4057,C0073,,
4052,A4058,C0068,,
4053,A4059,C0101,,
4054,A4060,C0074,,
4055,A4061,C0114,C0005,
4056,A4062,C0119,,
4057,A4063,C0092,,
4058,A4064,C0098,,
4059,A4065,C0072,,
4060,A4066,C0072,,
4061,A4067,C0089,,
4062,A4068,C0068,,
4063,A4069,C0074,,
4064,A4070,C0101,C0131,
4065,A4071,C0085,,
4066,A4072,C0145,,
4067,A4073,C0116,,
4068,A4074,C0072,,
4069,A4075,C0119,,
4070,A4076,C0072,,
4071,A4077,C0072,,
4072,A4078,C0119,,
4073,A4079,C0073,,
4074,A4080,C0073,,
4075,A4081,C0074,,
4076,A4082,C0031,C0032,
4077,A4083,C0072,,
4078,A4084,C0031,,
4079,A4085,C0072,,
4080,A4086,C0072,,
4081,A4087,C0072,,
4082,A4088,C0126,,
4083,A4089,C0074,,
4084,A4090,C0073,,
4085,A4091,C0065,,
4086,A4092,C0067,,
4087,A4093,C0074,,
4088,A4094,C0119,,
4089,A4095,C0115,C0126,
4090,A4096,C0067,,
4091,A4097,C0067,,
4092,A4098,C0067,,
4093,A4099,C0139,,
4094,A4100,C0073,,
4095,A4101,C0126,,
4096,A4102,C0126,,
4097,A4103,C0071,C0074,
4098,A4104,C0128,C0074,
4099,A4105,C0074,,
4100,A4106,C0062,,
4101,A4107,C0030,,
4102,A4108,C0021,,
4103,A4109,C0021,,
4104,A4110,C0030,,
4105,A4111,C0070,,
4106,A4112,C0120,C0027,
4107,A4113,C0080,C0085,
4108,A4114,C0060,,
4109,A4115,C0060,,
4110,A4116,C0060,,
4111,A4117,C0049,,
4112,A4118,C0045,,
4113,A4119,C0057,,
4114,A4120,C0062,,
4115,A4121,C0144,C0051,
4116,A4122,C0060,,
4117,A4123,C0063,,
4118,A4124,C0057,,
4119,A4125,C0038,,
4120,A4126,C0032,,
4121,A4127,C0026,,
4122,A4128,C0054,,
4123,A4129,C0129,,
4124,A4130,C0068,,
4125,A4131,C0129,,
4126,A4132,C0029,,
4127,A4133,C0084,,
4128,A4134,C0026,,
4129,A4135,C0097,C0109,
4130,A4136,C0088,,
4131,A4137,C0111,C0005,
4132,A4138,C0097,,
4133,A4139,C0035,,
4134,A4140,C0061,,
4135,A4141,C0034,,
4136,A4142,C0100,,
4137,A4143,C0107,,
4138,A4144,C0029,,
4139,A4145,C0048,,
4140,A4146,C0061,,
4141,A4147,C0094,,
4142,A4148,C0021,,
4143,A4149,C0099,C0021,
4144,A4150,C0022,C0024,
4145,A4151,C0130,,
4146,A4152,C0051,,
4147,A4153,C0026,,
4148,A4154,C0025,,
4149,A4155,C0064,,
4150,A4156,C0083,C0051,
4151,A4157,C0026,,
4152,A4158,C0030,,
4153,A4159,C0072,,
4154,A4160,C0037,,
4155,A4161,C0118,C0033,
4156,A4162,C0120,,
4157,A4163,C0114,C0005,
4158,A4164,C0102,,
4159,A4165,C0100,,
4160,A4166,C0025,,
4161,A4167,C0115,,
4162,A4168,C0066,,
4163,A4169,C0005,C0102,
4164,A4170,C0058,,
4165,A4171,C0033,,
4166,A4172,C0033,,
4167,A4173,C0126,,
4168,A4174,C0012,,
4169,A4175,C0108,,
4170,A4176,C0097,,
4171,A4177,C0107,,
4172,A4178,C0125,,
4173,A4179,C0124,,
4174,A4180,C0033,,
4175,A4181,C0141,,
4176,A4182,C0129,,
4177,A4183,C0128,,
4178,A4184,C0118,,
4179,A4185,C0119,,
4180,A4186,C0098,,
4181,A4187,C0037,,
4182,A4188,C0133,C0140,
4183,A4189,C0101,,
4184,A4190,C0130,,
4185,A4191,C0130,,
4186,A4192,C0022,,
4187,A4193,C0129,,
4188,A4194,C0034,,
4189,A4195,C0072,,
4190,A4196,C0083,,
4191,A4197,C0093,,
4192,A4198,C0037,,
4193,A4199,C0029,,
4194,A4200,C0036,,
4195,A4201,C0029,,
4196,A4202,C0085,,
4197,A4203,C0104,,
4198,A4204,C0123,,
4199,A4205,C0135,,
4200,A4206,C0030,,
4201,A4207,C0033,,
4202,A4208,C0037,,
4203,A4209,C0012,,
4204,A4210,C0012,,
4205,A4211,C0038,,
4206,A4212,C0113,C0005,
4207,A4213,C0038,,
4208,A4214,C0136,,
4209,A4215,C0085,,
4210,A4216,C0043,,
4211,A4217,C0094,C0103,
4212,A4218,C0119,,
4213,A4219,C0066,,
4214,A4220,C0080,,
4215,A4221,C0030,,
4216,A4222,C0130,,
4217,A4223,C0109,,
4218,A4224,C0109,,
4219,A4225,C0109,,
4220,A4226,C0109,,
4221,A4227,C0109,,
4222,A4228,C0109,,
4223,A4229,C0109,,
4224,A4230,C0109,,
4225,A4231,C0109,,
4226,A4232,C0109,,
4227,A4233,C0109,,
4228,A4234,C0109,,
4229,A4235,C0109,,
4230,A4236,C0109,,
4231,A4237,C0109,,
4232,A4238,C0109,,
4233,A4239,C0109,,
4234,A4240,C0109,,
4235,A4241,C0109,,
4236,A4242,C0099,,
4237,A4243,C0034,,
4238,A4244,C0064,,
4239,A4245,C0085,,
4240,A4246,C0106,,
4241,A4247,C0034,,
4242,A4248,C0033,,
4243,A4249,C0029,,
4244,A4250,C0034,,
4245,A4251,C0026,,
4246,A4252,C0094,,
4247,A4253,C0114,C0005,
4248,A4254,C0056,,
4249,A4255,C0098,,
4250,A4256,C0005,C0112,
4251,A4257,C0029,,
4252,A4258,C0005,C0112,
4253,A4259,C0071,,
4254,A4260,C0111,C0005,
4255,A4261,C0113,C0005,
4256,A4262,C0120,C0037,
4257,A4263,C0033,,
4258,A4264,C0105,,
4259,A4265,C0034,,
4260,A4266,C0108,,
4261,A4267,C0005,C0102,
4262,A4268,C0046,,
4263,A4269,C0129,,
4264,A4270,C0106,,
4265,A4271,C0106,,
4266,A4272,C0030,,
4267,A4273,C0085,,
4268,A4274,C0124,,
4269,A4275,C0107,C0131,
4270,A4276,C0107,,
4271,A4277,C0067,,
4272,A4278,C0085,,
4273,A4279,C0078,,
4274,A4280,C0080,,
4275,A4281,C0114,C0005,
4276,A4282,C0005,C0112,
4277,A4283,C0064,,
4278,A4284,C0102,,
4279,A4285,C0121,,
4280,A4286,C0021,,
4281,A4287,C0102,C0104,
4282,A4288,C0054,C0062,
4283,A4289,C0029,,
4284,A4290,C0068,,
4285,A4291,C0099,,
4286,A4292,C0107,C0130,
4287,A4293,C0005,C0110,
4288,A4294,C0005,C0112,C0101
4289,A4295,C0125,,
4290,A4296,C0100,,
4291,A4297,C0140,,
4292,A4298,C0005,C0107,
4293,A4299,C0138,,
4294,A4300,C0140,,
4295,A4301,C0138,,
4296,A4302,C0086,,
4297,A4303,C0140,,
4298,A4304,C0131,,
4299,A4305,C0140,,
4300,A4306,C0107,,
4301,A4307,C0143,,
4302,A4308,C0140,,
4303,A4309,C0022,,
4304,A4310,C0136,,
4305,A4311,C0136,,
4306,A4312,C0136,,
4307,A4313,C0107,,
4308,A4314,C0107,,
4309,A4315,C0078,,
4310,A4316,C0026,,
4311,A4317,C0026,,
4312,A4318,C0026,,
4313,A4319,C0026,,
4314,A4320,C0026,,
4315,A4321,C0026,,
4316,A4322,C0022,,
4317,A4323,C0022,,
4318,A4324,C0022,,
4319,A4325,C0022,,
4320,A4326,C0026,,
4321,A4327,C0024,,
4322,A4328,C0035,,
4323,A4329,C0086,,
4324,A4330,C0113,C0005,
4325,A4331,C0040,,
4326,A4332,C0098,,
4327,A4333,C0111,C0005,
4328,A4334,C0027,,
4329,A4335,C0096,,
4330,A4336,C0039,,
4331,A4337,C0035,,
4332,A4338,C0067,,
4333,A4339,C0026,,
4334,A4340,C0107,,
4335,A4341,C0120,C0037,
4336,A4342,C0005,C0102,
4337,A4343,C0100,,
4338,A4344,C0050,,
4339,A4345,C0005,C0112,
4340,A4346,C0120,C0037,
4341,A4347,C0037,,
4342,A4348,C0030,,
4343,A4349,C0113,C0005,
4344,A4350,C0012,,
4345,A4351,C0024,,
4346,A4352,C0065,,
4347,A4353,C0054,,
4348,A4354,C0032,,
4349,A4355,C0032,,
4350,A4356,C0037,,
4351,A4357,C0063,,
4352,A4358,C0094,,
4353,A4359,C0085,,
4354,A4360,C0051,,
4355,A4361,C0139,,
4356,A4362,C0098,,
4357,A4363,C0111,C0005,
4358,A4364,C0085,,
4359,A4365,C0091,C0083,
4360,A4366,C0043,,
4361,A4367,C0045,,
4362,A4368,C0063,,
4363,A4369,C0130,,
4364,A4370,C0085,,
4365,A4371,C0032,,
4366,A4372,C0145,,
4367,A4373,C0120,C0027,
4368,A4374,C0120,C0027,
4369,A4375,C0120,C0027,
4370,A4376,C0050,,
4371,A4377,C0044,,
4372,A4378,C0058,,
4373,A4379,C0142,,
4374,A4380,C0104,,
4375,A4381,C0104,,
4376,A4382,C0035,,
4377,A4383,C0098,,
4378,A4384,C0123,,
4379,A4385,C0020,,
4380,A4386,C0063,,
4381,A4387,C0140,,
4382,A4388,C0070,,
4383,A4389,C0068,,
4384,A4390,C0069,,
4385,A4391,C0029,,
4386,A4392,C0051,,
4387,A4393,C0124,,
4388,A4394,C0029,,
4389,A4395,C0038,,
4390,A4396,C0102,,
4391,A4397,C0101,,
4392,A4398,C0141,C0107,
4393,A4399,C0035,,
4394,A4400,C0102,,
4395,A4401,C0035,,
4396,A4402,C0115,C0059,
4397,A4403,C0063,,
4398,A4404,C0090,C0051,
4399,A4405,C0063,,
4400,A4406,C0085,,
4401,A4407,C0072,,
4402,A4408,C0134,,
4403,A4409,C0087,,
4404,A4410,C0087,,
4405,A4411,C0048,,
4406,A4412,C0062,,
4407,A4413,C0085,,
4408,A4414,C0091,C0085,
4409,A4415,C0098,,
4410,A4416,C0083,,
4411,A4417,C0037,,
4412,A4418,C0107,,
4413,A4419,C0107,C0130,
4414,A4420,C0107,C0131,
4415,A4421,C0034,,
4416,A4422,C0137,,
4417,A4423,C0129,,
4418,A4424,C0115,,
4419,A4425,C0097,,
4420,A4426,C0035,,
4421,A4427,C0123,,
4422,A4428,C0117,,
4423,A4429,C0104,,
4424,A4430,C0145,,
4425,A4431,C0101,,
4426,A4432,C0021,,
4427,A4433,C0021,,
4428,A4434,C0061,,
4429,A4435,C0126,,
4430,A4436,C0129,C0085,
4431,A4437,C0035,,
4432,A4438,C0097,,
4433,A4439,C0097,C0109,
4434,A4440,C0097,,
4435,A4441,C0037,,
4436,A4442,C0033,,
4437,A4443,C0088,C0089,
4438,A4444,C0129,,
4439,A4445,C0102,,
4440,A4446,C0082,,
4441,A4447,C0049,,
4442,A4448,C0091,C0101,
4443,A4449,C0005,C0110,
4444,A4450,C0098,C0069,
4445,A4451,C0107,,
4446,A4452,C0085,,
4447,A4453,C0080,C0098,
4448,A4454,C0114,C0005,
4449,A4455,C0145,,
4450,A4456,C0128,,
4451,A4457,C0140,,
4452,A4458,C0101,,
4453,A4459,C0074,,
4454,A4460,C0088,,
4455,A4461,C0101,,
4456,A4462,C0069,,
4457,A4463,C0035,,
4458,A4464,C0034,,
4459,A4465,C0035,,
4460,A4466,C0120,,
4461,A4467,C0065,,
4462,A4468,C0033,C0036,
4463,A4469,C0034,,
4464,A4470,C0029,,
4465,A4471,C0066,,
4466,A4472,C0029,,
4467,A4473,C0101,C0104,
4468,A4474,C0029,,
4469,A4475,C0065,,
4470,A4476,C0029,,
4471,A4477,C0029,,
4472,A4478,C0079,,
4473,A4479,C0079,,
4474,A4480,C0079,,
4475,A4481,C0079,,
4476,A4482,C0079,,
4477,A4483,C0079,,
4478,A4484,C0035,,
4479,A4485,C0035,,
4480,A4486,C0050,,
4481,A4487,C0063,,
4482,A4488,C0051,,
4483,A4489,C0051,C0058,
4484,A4490,C0051,,
4485,A4491,C0092,,
4486,A4492,C0052,,
4487,A4493,C0062,,
4488,A4494,C0045,,
4489,A4495,C0058,,
4490,A4496,C0090,C0055,
4491,A4497,C0091,C0055,
4492,A4498,C0092,C0055,
4493,A4499,C0091,C0055,
4494,A4500,C0051,,
4495,A4501,C0062,,
4496,A4502,C0051,,
4497,A4503,C0058,,
4498,A4504,C0061,,
4499,A4505,C0074,C0063,
4500,A4506,C0054,,
4501,A4507,C0053,,
4502,A4508,C0051,,
4503,A4509,C0090,C0055,
4504,A4510,C0051,,
4505,A4511,C0097,,
4506,A4512,C0078,,
4507,A4513,C0078,,
4508,A4514,C0078,,
4509,A4515,C0128,C0101,
4510,A4516,C0117,,
4511,A4517,C0127,,
4512,A4518,C0051,,
4513,A4519,C0093,C0058,
4514,A4520,C0130,,
4515,A4521,C0097,,
4516,A4522,C0051,,
4517,A4523,C0072,,
4518,A4524,C0056,C0073,
4519,A4525,C0035,,
4520,A4526,C0035,,
4521,A4527,C0132,,
4522,A4528,C0129,C0036,
4523,A4529,C0029,,
4524,A4530,C0137,,
4525,A4531,C0029,,
4526,A4532,C0062,,
4527,A4533,C0037,,
4528,A4534,C0129,,
4529,A4535,C0088,,
4530,A4536,C0021,,
4531,A4537,C0132,,
4532,A4538,C0144,,
4533,A4539,C0133,,
4534,A4540,C0137,,
4535,A4541,C0144,,
4536,A4542,C0085,,
4537,A4543,C0093,,
4538,A4544,C0079,,
4539,A4545,C0036,,
4540,A4547,C0029,,
4541,A4548,C0129,,
4542,A4549,C0123,,
4543,A4550,C0049,,
4544,A4551,C0070,,
4545,A4552,C0051,,
4546,A4553,C0119,,
4547,A4554,C0078,,
4548,A4555,C0078,,
4549,A4556,C0078,,
4550,A4557,C0128,,
4551,A4558,C0026,,
4552,A4559,C0051,,
4553,A4560,C0035,,
4554,A4561,C0094,,
4555,A4562,C0100,,
4556,A4563,C0102,,
4557,A4564,C0120,C0036,
4558,A4565,C0100,,
4559,A4566,C0033,,
4560,A4567,C0029,,
4561,A4568,C0107,,
4562,A4569,C0005,C0110,
4563,A4570,C0100,,
4564,A4571,C0126,,
4565,A4572,C0039,,
4566,A4573,C0085,,
4567,A4574,C0101,,
4568,A4575,C0101,,
4569,A4576,C0068,,
4570,A4577,C0065,,
4571,A4578,C0026,,
4572,A4579,C0026,,
4573,A4580,C0083,,
4574,A4581,C0096,,
4575,A4582,C0051,C0023,
4576,A4583,C0084,C0051,
4577,A4584,C0098,,
4578,A4585,C0076,,
4579,A4586,C0058,,
4580,A4587,C0094,,
4581,A4588,C0114,C0005,
4582,A4589,C0051,,
4583,A4590,C0035,,
4584,A4591,C0034,,
4585,A4592,C0038,,
4586,A4593,C0083,C0051,
4587,A4594,C0083,C0051,
4588,A4595,C0051,,
4589,A4596,C0114,C0005,
4590,A4597,C0026,,
4591,A4598,C0025,,
4592,A4599,C0107,,
4593,A4600,C0058,C0042,
4594,A4601,C0026,,
4595,A4602,C0060,,
4596,A4603,C0098,C0069,
4597,A4604,C0094,,
4598,A1211,C0001,,
4599,A1232,C0001,,
4600,A1601,C0001,,
4601,A3254,C0001,,
4602,A3850,C0001,,
4603,A4546,C0001,,
